ra_deg,dec_deg,em_min_aa,em_max_aa,all_instruments,mast_target_name,total_exptime,n_obs,proposal_ids,z_rankine,rankine_name,rankine_sep_arcsec,in_rankine,in_wushen,wushen_sep_arcsec,z_wushen,z_lyke,wushen_name,z_legacy,name_legacy,in_legacy_csv,legacy_sep_arcsec,f1450_legacy,z_src_legacy,z_kaspi,z_rm,z_ned,ned_name,ned_z_flag,best_z,z_source,em_max_aa_uv,civ_obs_aa,has_civ,in_sulentic2007,in_kaspi2000,in_barth2015,in_du2015,in_bentz2015,in_shen2016,in_matthews2021,catalog_flags,in_nls1_rk17,in_rakshit2020,rk20_sep_arcsec,hbeta_fwhm_rk20,rfeii_rk20,instrument_source,common_name,has_iue_data
191.746979752735,31.438804137655005,781.824,2050.0,COS,2MASS J12465925+3126196,4144.0,2,17217,,,195.2805372601944,0.0,1.0,0.02045473204069495,0.2767042894828003,0.277016,124659.27+312619.7,,,0.0,17770.48666107943,,,,,,,,0.2767042894828003,W,2050.0,1981.445057277306,True,False,False,False,False,False,False,False,256,False,True,0.014124874839276,3150.199597,0.3735052274933789,HST,2MASS J12465925+3126196,False
330.81253966803,31.760516033122226,1140.0,4822.0,COS/FOS,J2203+3145,12752.174500000001,9,"16679,2578",,,3442.1489968670526,0.0,0.0,1979.7900235792492,,,,0.2952,J22032+3145,1.0,0.6004524421968359,1.18068270115325e-14,Sul,,,,,,0.2952,*,4822.0,2010.1503999999998,True,True,False,False,False,False,False,False,0,False,False,,,,HST,J2203+3145,False
182.68371854793,16.75919165883,1130.2572,3200.0,COS,SDSS J121044.09+164533.1,19855.28,3,17093,,,485.71164450286824,0.0,1.0,0.11142508976707698,0.2164566400897719,0.2166,121044.09+164533.1,,,0.0,10217.780546741278,,,,,,,,0.2164566400897719,W,3200.0,1887.940705419326,True,False,False,False,False,False,False,False,256,False,True,0.1574071109210957,2462.986575,0.0,HST,SDSS J121044.09+164533.1,False
351.4760198142625,21.887225061066246,1131.3114,1802.3665,COS,SWIFT J2325.6+2157,16982.62,8,14268,,,386.6079735310612,0.0,0.0,241.94801196659418,,,,0.12,RBS2005,1.0,0.1118959404704506,5.69709112867797e-15,https://arxiv.org/pdf/1710.10703.pdf,,,,,,0.12,*,1802.3665,1738.2400000000002,True,False,False,False,False,False,False,False,0,False,False,,,,HST,SWIFT J2325.6+2157,False
155.91523663104,52.563796913044996,50.142700000000005,2439.09,COS,2MASS J10233966+5233496,3017.9520000000007,2,17433,,,420.06676128326075,0.0,1.0,0.08733494158052665,0.1356801793143951,0.137,102339.64+523349.6,,,0.0,12520.553387750177,,,,,,,,0.1356801793143951,W,2439.09,1762.5756382959412,True,False,False,False,False,False,False,False,384,True,True,0.0821332619273176,1773.047645,0.8591649063870579,HST,2MASS J10233966+5233496,False
205.30806472489502,-0.8875081847267,1131.0325,2281.9528,COS,LBQS-1338-0038,7355.2,2,15890,,,513.3770050534494,0.0,1.0,0.04589806234874323,0.2367316779315824,0.236994,134113.93-005315.0,,,0.0,19636.617577132747,,,,,,,,0.2367316779315824,W,2281.9528,1919.407564149816,True,False,False,False,False,False,False,False,256,False,True,0.155697171353344,2648.143041,0.0,HST,LBQS-1338-0038,False
140.68799504164,30.549546545375,784.0748000000001,2050.0,COS,2MASS J09224506+3032585,4119.744000000001,2,17217,,,906.199517084625,0.0,1.0,0.060640892632628576,0.2872066210280395,0.2871350944042206,092245.12+303258.3,,,0.0,28114.832628857068,,,,,,,,0.2872066210280395,W,2050.0,1997.7446758355172,True,False,False,False,False,False,False,False,256,False,True,0.0157085027506135,3939.777974,0.2115782731171376,HST,2MASS J09224506+3032585,False
149.5874814959475,32.40054686382281,31.7117,8950.0,COS/FOS/STIS,Ton 469,75541.36337393189,32,"MULTI,17211,15826,8596,9506,4952,5451,5588,3566",,,926.2162827016678,0.0,1.0,0.6790080842015216,0.5300183756985366,0.5308651328086853,095820.94+322402.2,0.5298,3C232,1.0,0.6300944591765524,2.7912469513102304e-15,Sul,,,,,,0.5300183756985366,W,7000.0,2374.5885190841286,True,True,False,False,False,False,False,False,384,True,True,0.6739662086968098,1564.286128,0.6542905523183424,HST,Ton 469,True
214.25350532111196,44.935074524938,1129.6591,5700.0,COS/FOS/STIS,LEDA 51016,36668.34841729729,20,"16301,17511,6781,3566",,,227.68278614172254,0.0,1.0,0.18403435470758814,0.1138140055114756,0.113581,141700.82+445606.3,0.1151,PG1415+451,1.0,0.17753804064510104,9.94400589691742e-15,Sul,0.114,,,,,0.1138140055114756,W,5700.0,1728.6393365538102,True,True,True,False,False,False,False,False,257,False,True,0.2610974482038975,3243.073442,1.2941902145235538,HST,LEDA 51016,True
147.653138735965,51.477243698875,24.5003,2440.2066999999997,COS,2MASS J09503674+5128382,28231.488,2,16765,,,88.51254730610381,0.0,1.0,0.06391871544796413,0.2143385964407526,0.2142087519168853,095036.75+512838.1,,,0.0,10522.606320128569,,,,,,,,0.2143385964407526,W,2440.2066999999997,1884.6535016760479,True,False,False,False,False,False,False,False,256,False,True,0.0517617002605888,3042.688933,0.7321016323440596,HST,2MASS J09503674+5128382,False
240.54791350028,14.181518715885002,783.665,2050.0,COS,SDSSJ1602+1410,4015.968,2,17217,,,544.8265252123584,0.0,1.0,0.048666361586544644,0.2766326160680635,0.2766,160211.49+141053.4,,,0.0,19983.94028128606,,,,,,,,0.2766326160680635,W,2050.0,1981.3338201376346,True,False,False,False,False,False,False,False,256,False,True,0.0122328501700171,6578.2305,0.2429840805232818,HST,SDSSJ1602+1410,False
208.81897479360168,56.21239678430334,1112.1354,2282.8904,COS,LEDA 2816068,16288.160000000002,6,16896,,,634.5934327596648,0.0,1.0,0.05868161093480909,0.1218034353514376,0.122,135516.56+561244.6,,,0.0,21905.74334400143,,,,,,,,0.1218034353514376,W,2282.8904,1741.0389316654312,True,False,False,False,False,False,False,False,384,True,True,0.0565750456400605,1233.887768,0.9262510084771696,HST,LEDA 2816068,False
186.26338877741,16.401862344546668,1130.8906,3200.0,COS,LBQS 1222+1640,24231.807999999997,3,17093,,,524.253801087974,0.0,1.0,0.09702533079061312,0.5493114487048737,0.5484,122503.21+162406.7,,,0.0,12599.284919374115,,,,,,,,0.5493114487048737,W,3200.0,2404.531368389964,True,False,False,False,False,False,False,False,256,False,True,0.1326467925793481,4512.960161,0.4026549790457557,HST,LBQS 1222+1640,False
284.5047382701933,48.83982998626001,1381.8548999999998,1775.0,COS,1RXS J185800.9+485020,20434.624000000003,3,16679,,,26524.245702761193,0.0,0.0,26524.245702761193,,,,,,0.0,58468.40855385303,,,,0.079,,,,0.079,B,1775.0,1674.608,True,False,False,False,False,True,False,False,8,False,False,,,,HST,1RXS J185800.9+485020,False
218.682014990665,20.090112387150004,1065.1844,3211.4893,COS,SDSS J143443.68+200524.4,23394.688000000002,4,17093,,,880.2229886664461,0.0,1.0,0.06249971680428137,0.4561662348515503,0.457,143443.68+200524.4,,,0.0,6254.965611131697,,,,,,,,0.4561662348515503,W,3211.4893,2259.969996489606,True,False,False,False,False,False,False,False,256,False,True,0.1054232327212744,3370.891602,1.4823543337603546,HST,SDSS J143443.68+200524.4,False
199.782612567015,27.307794616125,784.8845999999999,2050.0,COS,PB 3493,4085.92,2,17217,,,854.2728071277346,0.0,1.0,0.04774831969540219,0.2838798897818679,0.284453,131907.83+271828.0,,,0.0,9652.649004974273,,,,,,,,0.2838798897818679,W,2050.0,1992.5815889414591,True,False,False,False,False,False,False,False,256,False,True,0.0879322152837953,6248.245754,0.4084426515222363,HST,PB 3493,False
33.10652966990833,1.0155901906558331,31.4038,2439.7135,COS,PB 6739,57986.296,6,17211,,,407.1390228069678,0.0,1.0,0.08911850018193869,0.5124950634903213,0.5131096243858337,021225.56+010056.1,,,0.0,6697.523819985776,,,,,,,,0.5124950634903213,W,2439.7135,2347.392338536979,True,False,False,False,False,False,False,False,256,False,True,0.090004022265711,4594.215831,0.8971110373189609,HST,PB 6739,False
14.291438226575,14.769489031527499,1130.5213,3200.0,COS/FOS,[OKM2018] SWIFT J0056.9+1472,9063.59943994141,4,"17093,5948",,,322.9034046700537,0.0,1.0,0.05300464235536537,0.1718091498586923,0.171875,005709.94+144610.1,,,0.0,8103.998129138031,,,,,,,,0.1718091498586923,W,3200.0,1818.6478005806903,True,False,False,False,False,False,False,False,256,False,True,0.2518824757322005,8388.420745,0.0,HST,[OKM2018] SWIFT J0056.9+1472,True
117.75593151926502,29.238655257680005,31.6387,2439.7186,COS,ATO J117.7559+29.2386,3831.9360000000006,2,17433,,,301.0892178610557,0.0,1.0,0.05579320358878723,0.1210142853943256,0.120891,075101.42+291419.1,,,0.0,6865.112335861935,,,,0.1209,,,,0.1210142853943256,W,2439.7186,1739.8141709319934,True,False,False,False,True,True,False,False,396,True,True,0.0852061148162071,1396.332703,0.9922831240056602,HST,ATO J117.7559+29.2386,False
185.16396063836336,17.305760792576667,1130.4467,3200.0,COS,87GB 121807.5+173455,24231.807999999997,3,17093,,,169.057053513841,0.0,1.0,0.04585683026877588,0.4433122496293902,0.4429,122039.35+171820.7,,,0.0,12939.924631028922,,,,,,,,0.4433122496293902,W,3200.0,2240.0206114248135,True,False,False,False,False,False,False,False,384,True,True,0.0686474783633964,2157.303993,1.2941441265119191,HST,87GB 121807.5+173455,False
259.70956946293995,30.700439973140004,784.2232,2050.0,COS,2MASS J17185029+3042017,4080.0,2,17217,,,314.75376258833165,0.0,1.0,0.013815164024997512,0.2823390330206112,0.28247,171850.29+304201.5,,,0.0,10400.824438422891,,,,,,,,0.2823390330206112,W,2050.0,1990.1901792479887,True,False,False,False,False,False,False,False,384,True,True,0.0699139205786972,1370.188704,1.1719288619198245,HST,2MASS J17185029+3042017,False
185.28721222858002,42.47755857879001,784.3817,2050.0,COS,2MASS J12210891+4228388,4207.584,2,17217,,,522.7059701615804,0.0,1.0,0.018856122041741613,0.2881621507280459,0.287823,122108.93+422839.2,,,0.0,13873.406559733463,,,,,,,,0.2881621507280459,W,2050.0,1999.227657929927,True,False,False,False,False,False,False,False,384,True,True,0.0225584116312516,1647.924222,1.245060176729902,HST,2MASS J12210891+4228388,False
183.50561865083,40.806363748820004,783.3644,2050.0,COS,2MASS J12140133+4048233,3904.064,2,17217,,,382.1163093549188,0.0,1.0,0.018254901090024978,0.2769524597484584,0.277065,121401.34+404822.8,,,0.0,15212.643262501168,,,,,,,,0.2769524597484584,W,2050.0,1981.8302175296076,True,False,False,False,False,False,False,False,384,True,True,0.0337420736208444,2050.740765,0.4114239982637476,HST,2MASS J12140133+4048233,False
196.09535704986502,20.919536575149998,784.5985,2050.0,COS,2MASS J13042289+2055107,4071.2960000000003,2,17217,,,454.4266872067675,0.0,1.0,0.038922892920900544,0.2822847917674421,0.2824,130422.88+205510.3,,,0.0,9392.192297848525,,,,,,,,0.2822847917674421,W,2050.0,1990.10599682307,True,False,False,False,False,False,False,False,256,False,True,0.0360619043314547,4529.308602,0.1333855027550123,HST,2MASS J13042289+2055107,False
121.09424064935499,19.444102662975,785.5384000000001,2050.0,COS,2MASS J08042265+1926386,3985.44,2,17217,,,780.0706545847711,0.0,1.0,0.037912740305754096,0.2786677653299724,0.278965,080422.61+192638.7,,,0.0,38628.24051509183,,,,,,,,0.2786677653299724,W,2050.0,1984.492371792117,True,False,False,False,False,False,False,False,256,False,True,0.0320477795519513,3650.443645,0.2023137336203269,HST,2MASS J08042265+1926386,False
190.544187484225,33.28407258326,31.5605,2439.9381,COS,IRASF12397+3333,3727.8720000000003,2,17433,,,695.3571498800844,0.0,0.0,318.79970971059186,,,,,,0.0,12326.6676376064,,,,0.043513,,,,0.043513,B,2439.9381,1619.532176,True,False,False,False,True,True,False,False,140,True,False,,,,HST,IRASF12397+3333,False
143.26118830643497,38.874447296225,30.6978,2439.1389,COS,LEDA 3095876,3799.904,2,17433,,,253.36396801196838,0.0,1.0,0.0210435175762566,0.1772697001326776,0.1770598888397216,093302.68+385228.0,,,0.0,4236.9448225229025,,,,0.17721,,,,0.1772697001326776,W,2439.1389,1827.1225746059156,True,False,False,False,False,True,False,False,392,True,True,0.0212699615201755,1602.150232,1.1477877158531764,HST,LEDA 3095876,False
71.119899744655,12.3532558293675,50.1443,2439.4773,COS,IRAS04416+1215,7375.904,4,17433,,,6032.989788685455,0.0,1.0,0.005329475695359375,0.0892256129861164,0.0893,044428.77+122111.7,,,0.0,52824.59904295205,,,,0.0889,,,,0.0892256129861164,W,2439.4773,1690.4781513544526,True,False,False,False,True,True,False,False,396,True,True,0.0921569656200015,1835.646992,1.5972592957399656,HST,IRAS04416+1215,False
120.381625046145,35.74343389538,31.482099999999996,2439.4712,COS,2MASS J08013157+3544362,3807.904,2,17433,,,518.8019698862914,0.0,1.0,0.06651052477761463,0.1788997738249112,0.178521916270256,080131.58+354436.4,,,0.0,18360.873784012485,,,,,,,,0.1788997738249112,W,2439.4712,1829.6524489762621,True,False,False,False,True,False,False,False,388,True,True,0.0671398762401253,1234.510058,1.5704889583478152,HST,2MASS J08013157+3544362,False
128.972765058145,5.888088264076,30.9333,2439.7226000000005,COS,2MASS J08355346+0553171,3791.9680000000003,2,17433,,,407.4151475739767,0.0,1.0,0.002657495996301632,0.2050768372364957,0.20512,083553.46+055317.1,,,0.0,26702.741741581198,,,,0.20512,,,,0.2050768372364957,W,2439.7226000000005,1870.2792513910413,True,False,False,False,False,True,False,False,392,True,True,0.0187678294654301,1389.608105,1.2874228673027088,HST,2MASS J08355346+0553171,False
157.195887944745,39.30012115191499,454.589,2399.4503,COS,[VV98] J102847.0+391758,8532.288,2,"MULTI,13862",,,180.3921021435198,0.0,1.0,0.09988102926419258,0.4725085969907454,0.4730941653251648,102847.00+391800.5,,,0.0,14926.555911675847,,,,,,,,0.4725085969907454,W,2399.4503,2285.333342529637,True,False,False,False,False,False,False,False,256,False,True,0.087532571370513,4161.113968,0.2713784767244672,HST,[VV98] J102847.0+391758,False
244.297593626982,6.6426351368732,454.5897999999999,2419.7502,COS,2MASS J16171142+0638333,26112.319999999996,5,"MULTI,11598",,,895.8217472543182,0.0,1.0,0.011835815103260747,0.2291917381085154,0.229454,161711.42+063833.4,0.229454,SDSSJ161711.42+063833.4,1.0,1.4532275283728657,4.0424898095459e-16,DR16,,,,,,0.2291917381085154,W,2419.7502,1907.7055775444157,True,False,False,False,False,False,False,False,256,False,True,0.0250945022668636,3863.343609,0.0,HST,2MASS J16171142+0638333,False
12.07910933978625,39.68656802340438,1134.3594,1796.0784999999998,COS,ZTF J004818.97+394111.8,55269.575999999994,16,11686,,,15350.136378271694,0.0,0.0,13120.825839088324,,,,0.135,QSO0045+3926,1.0,0.11798786402946616,8.12781615410735e-15,"Borisov, Voikhanskaya & Fabrika 1991",,,,,,0.135,*,1796.0784999999998,1761.52,True,False,False,False,False,False,False,False,0,False,False,,,,HST,ZTF J004818.97+394111.8,False
142.15826923384202,60.42250545960199,454.6034,2399.4453,COS,SBSG 0924+606B,15709.568000000005,5,"MULTI,11598",,,577.4994219863875,0.0,1.0,0.009176688455551547,0.2957152827083427,0.29589,092837.98+602521.0,,,0.0,18691.09604168039,,,,,,,,0.2957152827083427,W,2399.4453,2010.9501187633477,True,False,False,False,False,False,False,False,256,False,True,0.0352565290712989,5784.004849,0.4244913030869152,HST,SBSG 0924+606B,False
347.1900005480699,-9.18998944895,454.6454,2419.6418,COS,LEDA 994116,5339.360000000001,1,11728,,,1365.9872688257474,0.0,1.0,0.0025309689012768186,0.192841161378267,0.193032,230845.60-091123.9,0.193032,SDSSJ230845.59-091123.9,1.0,0.0027801114333015587,2.0830666619318706e-15,DR16,,,,,,0.192841161378267,W,2419.6418,1851.2894824590703,True,False,False,False,False,False,False,False,256,False,True,0.0131290586218608,6974.646614,0.1609026673271973,HST,LEDA 994116,False
152.25861897854585,7.228843539752584,1134.3401,3222.5626,COS,QSO J1009+0713,159019.392,12,"MULTI,14708,17093,11598",,,779.4502118065451,0.0,1.0,0.02777090291351493,0.4563098405536901,0.456524,100902.06+071343.8,,,0.0,8374.822856590648,,,,,,,,0.4563098405536901,W,3222.5626,2260.192872539327,True,False,False,False,False,False,False,False,256,False,True,0.0491558178353788,7131.008649,0.3738375942368376,HST,QSO J1009+0713,False
98.94445541714715,-75.27127922074145,1134.2804,3301.0,COS/FOS,QSO J0635-7516,22928.723937000002,7,"11692,4044",,,242796.26985213518,0.0,0.0,242796.26985213518,,,,0.651,J06357-7516,1.0,0.6059189020566577,3.0907610868966006e-15,Sul,,,,,,0.651,*,3301.0,2562.352,True,True,False,False,False,False,False,False,0,False,False,,,,HST,QSO J0635-7516,True
95.78206850421002,-64.60575625319,1134.4102,1760.711,COS,QSO J0623-6436,8032.768000000001,1,11692,,,217276.00105009752,0.0,0.0,216859.6442966329,,,,0.129,IRAS-L06229-6434,1.0,0.18970422081615856,8.0070886221097e-15,https://arxiv.org/pdf/1710.10703.pdf,,,,,,0.129,*,1760.711,1752.208,True,False,False,False,False,False,False,False,0,False,False,,,,HST,QSO J0623-6436,False
9.09585627417,43.2778209278,1134.3986,1748.9975999999997,COS,LEDA 3095439,11600.544000000002,1,11632,,,26148.330070791213,0.0,0.0,25557.40978826801,,,,0.12,HS-0033+4300,1.0,0.3982644351599408,1.4103389010877802e-15,https://arxiv.org/pdf/1506.00635.pdf,,,,,,0.12,*,1748.9975999999997,1738.2400000000002,True,False,False,False,False,False,False,False,0,False,False,,,,HST,LEDA 3095439,False
205.71501345679997,-0.895956589534227,1067.1222999999998,2330.0,COS/FOS,LBQS 1340-0038,61543.28466391041,15,"MULTI,17076,13033,11598,5456",,,637.8245994610753,0.0,1.0,0.15412534445809947,0.3269400977285094,0.326537,134251.60-005345.3,,,0.0,21068.51859791589,,,,,,,,0.3269400977285094,W,2330.0,2059.4110316746464,True,False,False,False,False,False,False,False,256,False,True,0.1555161712453076,3356.63534,0.8967780719635224,HST,LBQS 1340-0038,False
177.835186143991,54.625828692679,1140.0,3301.0,COS/FOS,LB 2126,77455.57297458037,10,"MULTI,6220,4952",,,289.58327188055205,0.0,1.0,0.13017907195854017,0.9767036167678352,0.975979,115120.45+543733.0,,,0.0,18419.54082785886,,,,,,,,0.9767036167678352,W,3301.0,3067.84401322368,True,False,False,False,False,False,False,False,0,False,False,,,,HST,LB 2126,True
174.98764617070916,65.79703205470291,1134.3644,4822.0,COS/FOS,ICRF J113957.0+654749,77641.342624,24,"11541,4044,2424,2578",,,570.5949961144048,0.0,0.0,484.2587806526851,,,,0.6465,3C263,1.0,0.21311100870955166,5.12346655293758e-15,Sul,,,,,,0.6465,*,4822.0,2555.368,True,True,False,False,False,False,False,False,0,False,False,,,,HST,ICRF J113957.0+654749,True
119.08364293399,30.75985346626,450.4125,2420.9446999999996,COS,[VV2006] J075620.1+304535,11415.52,1,11728,,,542.7807605540016,0.0,1.0,0.05452338611602666,0.2357046557050597,0.235748,075620.07+304535.4,0.235748,SDSSJ075620.08+304535.3,1.0,1.121245062450968,4.39063369478915e-16,DR16,,,,,,0.2357046557050597,W,2420.9446999999996,1917.8136256542527,True,False,False,False,False,False,False,False,256,False,True,0.0647448815785482,3110.50582,1.0894723106211572,HST,[VV2006] J075620.1+304535,False
200.43737344195,3.51548543826,454.609,2400.9233,COS,ATO J200.4373+03.5154,2178.176,1,11728,,,709.7074641062213,0.0,1.0,0.03650663748596166,0.2685675796918334,0.268833,132144.97+033055.7,0.268833,SDSSJ132144.97+033055.7,1.0,1.343011716809194,,DR16,,,,,,0.2685675796918334,W,2400.9233,1968.8168836817256,True,False,False,False,False,False,False,False,256,False,True,0.0551295046938634,4243.346754,0.0,HST,ATO J200.4373+03.5154,False
209.30250958832804,17.078902617742003,1134.3728,1796.0394,COS,2MASS J13571260+1704439,22007.872,5,12248,,,861.2145134381814,0.0,1.0,0.17277138600181247,0.1509047488583722,0.1505,135712.61+170444.1,0.15,SDSSJ135712.61+170444.1,1.0,1.6876527415255218,3.3818617383445704e-15,https://arxiv.org/pdf/1507.06317.pdf,,,,,,0.1509047488583722,W,1796.0394,1786.2041702281936,True,False,False,False,False,False,False,False,256,False,True,0.1975843185456749,4779.153451,0.0839414994139847,HST,2MASS J13571260+1704439,False
186.39497703095,-2.79922026211,454.5864,2399.9987,COS,2MASS J12253479-0247571,5325.280000000001,1,11728,,,705.3689794166654,0.0,1.0,0.015582656534740003,0.1954394957730914,0.195419,122534.79-024757.1,0.195419,SDSSJ122534.79-024757.1,1.0,0.13671064896644775,1.0100887908043001e-15,DR16,,,,,,0.1954394957730914,W,2399.9987,1855.3220974398378,True,False,False,False,False,False,False,False,256,False,True,0.1057776495594958,2224.094582,0.3185329572020008,HST,2MASS J12253479-0247571,False
200.247577472925,29.957813446835,454.5982,2420.6801,COS,2MASS J13205941+2957282,21277.440000000002,2,"MULTI,13862",,,575.1140285240434,0.0,1.0,0.06869654662109519,0.2062562995478283,0.2060571163892746,132059.42+295728.1,0.206057116389275,J132059.41+295728.1,1.0,1.3187575549846058,6.22939990107409e-16,DR16,,,,,,0.2062562995478283,W,2420.6801,1872.1097768982295,True,False,False,False,False,False,False,False,256,False,True,0.0384088351237505,4530.700623,0.3200105988341282,HST,2MASS J13205941+2957282,False
151.93563903576,50.12963096804,454.6337,2381.0832,COS,2MASS J10074455+5007467,2497.152,1,11728,,,394.7268551367791,0.0,1.0,0.0318045950324382,0.2118716093544684,0.2123312801122665,100744.55+500746.6,0.212331280112267,SDSSJ100744.54+500746.6,1.0,0.8404569058480691,1.3724082524911703e-15,DR16,,,,,,0.2118716093544684,W,2381.0832,1880.8247377181349,True,False,False,False,False,False,False,False,256,False,True,0.029962143882194,2227.759682,0.2476952588506373,HST,2MASS J10074455+5007467,False
130.95729709559,26.31966426023,454.5813,2420.5097,COS,2MASS J08434975+2619106,15174.704,2,"MULTI,13862",,,1032.4970825980286,0.0,1.0,0.05607982687847817,0.2564214449372359,0.2571,084349.75+261910.7,0.2571,J084349.75+261910.7,1.0,0.9672643727313542,2.38485077681489e-15,DR16,,,,,,0.2564214449372359,W,2420.5097,1949.9660825425901,True,False,False,False,False,False,False,False,384,True,True,0.0191179218903369,2143.3636,0.3839780302601622,HST,2MASS J08434975+2619106,False
133.246757907035,3.2223926286705,454.6044,2400.3355,COS,2MASS J08525922+0313207,25126.464,4,"MULTI,13774,12603",,,1169.9374862532648,0.0,1.0,0.010691076586863642,0.3001248307869056,0.297364,085259.22+031320.6,,,0.0,37544.09013918331,,,,,,,,0.3001248307869056,W,2400.3355,2017.7937373812774,True,False,False,False,False,False,False,False,256,False,True,0.0113784290091339,2995.489232,0.800131314469357,HST,2MASS J08525922+0313207,False
131.92695969565747,34.751093595547495,1140.0,3301.0,COS/FOS/STIS,Ton 951,8852.790563,12,"12569,8144,2717",,,702.1786095366938,0.0,0.0,120.99398266463984,,,,,,0.0,30501.110982476624,,,0.064,0.064,,,,0.064,K,3301.0,1651.328,True,False,True,False,False,True,False,False,9,False,False,,,,HST,Ton 951,True
166.41582922945761,34.42622687753647,1134.2907,3268.4401000000007,COS,Ton 1329,38047.439999999995,17,11541,,,493.11824523644424,0.0,1.0,0.29757249652328643,0.5099321361945791,0.508346,110539.81+342534.6,,,0.0,23206.50794508456,,,,,,,,0.5099321361945791,W,3268.4401000000007,2343.414675373987,True,False,False,False,False,False,False,False,256,False,True,0.3209328129947252,3829.068654,0.6901038997193446,HST,Ton 1329,False
170.3085,3.4297000000000004,1150.0,1796.2323,COS,SDSSJ112114.22+032546.7,13622.560000000001,5,12248,,,733.5997336619223,0.0,1.0,2.7194814525063586,0.152138166098905,0.151994,112114.22+032546.7,,,0.0,19022.381691021634,,,,,,,,0.152138166098905,W,1796.2323,1788.1184337855004,True,False,False,False,False,False,False,False,128,True,False,,,,HST,SDSSJ112114.22+032546.7,False
171.4742302735123,59.17264107944308,1134.5309,3200.0,COS/FOS/STIS,SBSG 1123+594A,62474.67199999999,13,"11520,9874,4952",,,390.02861694710543,0.0,1.0,0.17376660242734832,0.8540186436278705,0.85142,112553.79+591021.5,,,0.0,16917.969961043098,,,,,,,,0.8540186436278705,W,3200.0,2877.436934910455,True,False,False,False,False,False,False,False,0,False,False,,,,HST,SBSG 1123+594A,False
237.70123867540667,40.029143306529996,1134.2486,3229.3097,COS,QSO J1550+4001,20422.144,6,"MULTI,17093,11598",,,141.160082372957,0.0,1.0,0.027317848746293123,0.4973878733789981,0.497235,155048.29+400144.8,,,0.0,18958.382811142415,,,,,,,,0.4973878733789981,W,3229.3097,2323.945979484205,True,False,False,False,False,False,False,False,256,False,True,0.0334096645571128,5121.383955,0.4493003103956557,HST,QSO J1550+4001,False
218.79804177712333,36.077008129355,1134.3589,3200.0,COS,QSO J1435+3604,20270.143999999997,6,"MULTI,17093,11598",,,57.792258085445276,0.0,1.0,0.00140798588781427,0.4294757451675097,0.4286717176437378,143511.53+360437.2,,,0.0,5558.2253559516585,,,,,,,,0.4294757451675097,W,3200.0,2218.546356499975,True,False,False,False,False,False,False,False,256,False,True,0.0316597044755579,5548.840362,0.3592851057870722,HST,QSO J1435+3604,False
190.4750938105486,57.352045190830005,1067.2913,3217.0026,COS,QSO J1241+5721,44229.632000000005,7,"MULTI,17093,13033,11598",,,348.2030289388125,0.0,1.0,0.022149993148590657,0.584523031560963,0.583471,124154.02+572107.3,,,0.0,5883.6480279619545,,,,,,,,0.584523031560963,W,3217.0026,2459.179744982615,True,False,False,False,False,False,False,False,256,False,True,0.0225612960779132,2202.770666,1.1099022760455388,HST,QSO J1241+5721,False
168.16296276039165,35.65784085977,1150.0,3200.0,COS,QSO J1112+3539,27383.68,6,"MULTI,17093,11598",,,675.6360539155354,0.0,1.0,0.011426507444911103,0.6360058726998556,0.635972,111239.11+353928.2,,,0.0,17678.715381423644,,,,,,,,0.6360058726998556,W,3200.0,2539.081114430176,True,False,False,False,False,False,False,False,256,False,True,0.0226034754651103,5500.647152,0.2869755182645904,HST,QSO J1112+3539,False
246.98380097141407,55.375416931405994,1111.6534,8500.0,COS/FOS,QSO B1626+5529,26455.298375885377,20,"MULTI,12029,15890,6781",,,143.10421765892667,0.0,0.0,143.1042176588639,,,,0.1326,J16279+5522,1.0,0.14380873193076202,,Sul,,,,,,0.1326,*,7000.0,1757.7952,True,True,False,False,False,False,False,False,0,False,False,,,,HST,QSO B1626+5529,True
322.8970417374441,-12.118032741478949,1131.5618,3301.0,COS/FOS,QSO B2128-123,77822.01257462325,19,"MULTI,12536,13398,4581",,,12475.37124127148,0.0,0.0,12475.37124127148,,,,0.4996,J21315-1207,1.0,0.4323334432034924,5.62106072561036e-15,Sul,,,,,,0.4996,*,3301.0,2327.3792,True,True,False,False,False,False,False,False,0,False,False,,,,HST,QSO B2128-123,False
162.9329141330781,33.99075741788096,1134.1156,5700.0,COS/STIS,QSO B1048+342,41199.795806999995,21,"12024,17511",,,295.8114564896005,0.0,1.0,0.06334735877517444,0.1670992347924374,0.1671384572982788,105143.89+335926.6,,,0.0,18970.74885480659,,,0.167,,,,,0.1670992347924374,W,3300.0,1811.3380123978627,True,False,True,False,False,False,False,False,257,False,True,0.0479070421888201,3585.544245,0.0,HST,QSO B1048+342,True
153.58616454544998,-4.3112419662145,1134.1966,1796.129,COS,QSO B1011-040,20757.072000000004,12,11524,,,4100.261731474606,0.0,0.0,4052.2148732103346,,,,0.058314,PG1011-040,1.0,0.5907298797200969,1.43875526278911e-14,NED,,,,,,0.058314,*,1796.129,1642.503328,True,False,False,False,False,False,False,False,0,False,False,,,,HST,QSO B1011-040,True
174.7945880089692,-13.845425015035,1131.6051,3301.0,COS/FOS,Crt A,21662.822825000003,12,"12275,2424",,,16833.711387427807,0.0,0.0,16833.711387427807,,,,0.5562,J11391-1350,1.0,0.10226595302539487,2.9381474661023604e-15,Sul,,,,,,0.5562,*,3301.0,2415.2224,True,True,False,False,False,False,False,False,0,False,False,,,,HST,Crt A,True
139.98066508742284,55.36039123146285,1134.2333,1796.0031,COS,Mrk 106,28804.936,14,12029,,,409.01163389791236,0.0,1.0,0.3156671737556888,0.12314997798642,0.123366,091955.34+552137.1,0.123366,MRK106,1.0,0.6860532936508916,8.148317793355281e-15,DR16,,,,,,0.12314997798642,W,1796.0031,1743.1287658349238,True,False,False,False,False,False,False,False,256,False,True,0.2943250580294081,4314.660026,0.2141729575077791,HST,Mrk 106,True
323.11616070731003,10.138606394530557,1134.2019,1796.1440000000002,COS/STIS,Mrk 1513,34667.184,18,"11524,7345",,,279.2117687276926,0.0,0.0,133.32321956293833,,,,0.062,MRK1513,1.0,0.6863299545483078,1.49504086594274e-14,https://arxiv.org/pdf/1710.10703.pdf,0.061,0.06298,,,,0.062,*,1796.1440000000002,1648.2240000000002,True,False,True,False,False,True,False,False,9,False,False,,,,HST,Mrk 1513,True
131.18859995887496,76.88597127052601,1134.4888,1796.2339999999997,COS,MCG+13-07-002,30429.44,10,11520,,,19574.88362282475,0.0,0.0,18280.254296451898,,,,0.132302,VIIZW244,1.0,0.3427323649395585,6.455207751183991e-15,NED,,,,,,0.132302,*,1796.2339999999997,1757.332704,True,False,False,False,False,False,False,False,0,False,False,,,,HST,MCG+13-07-002,True
9.815898520454706,-51.2839340137547,454.6541000000001,6871.999999999999,COS/FOS,2MASX-J00391586-5117013,40278.697598328225,17,"11733,14058,13015,14693,6766",,,122857.84031761075,0.0,0.0,122857.84031761075,,,,0.029,QSO-003916-511701,1.0,0.8503866344921456,5.6831299034295504e-15,Sul,,,,,,0.029,*,6871.999999999999,1597.0079999999998,True,True,False,False,False,False,False,False,0,False,False,,,,HST,2MASX-J00391586-5117013,True
169.62631237951948,40.43175414831944,1134.1653,6871.999999999999,COS/FOS,LEDA 34570,27437.96640422051,18,"11519,6781",,,229.74190192724703,0.0,1.0,0.46217500946936174,0.1542077342911927,0.154338,111830.28+402554.0,0.1536,PG1115+407,1.0,0.26053672863310545,8.58358809481274e-15,Sul,,,,,,0.1542077342911927,W,6871.999999999999,1791.330403619931,True,True,False,False,False,False,False,False,256,False,True,0.4546076042868325,3857.017602,0.6743446578972272,HST,LEDA 34570,True
181.1757357966547,27.903295293757644,1112.4186,3301.0,COS/FOS,LEDA 38224,31697.92164408175,17,"MULTI,12248,15890,6781,4115",,,465.09542696761486,0.0,1.0,0.9205275449200039,0.1653512357998014,0.165,120442.10+275411.8,0.1654,J12047+2754,1.0,0.8976719705499646,1.84887047441449e-15,Sul,0.165,,,,,0.1653512357998014,W,3301.0,1808.6251179612918,True,True,True,False,False,False,False,False,257,False,True,0.9118692147885188,4952.564,0.0,HST,LEDA 38224,True
146.88840354487996,10.085795363378,1134.2906,1796.1614,COS,LEDA 3095898,10103.423999999999,5,12248,,,1030.6867942190838,0.0,1.0,0.13150973230409527,0.1393702916149249,0.13954,094733.21+100508.7,0.13954,SDSSJ094733.21+100508.7,1.0,1.4304088842231355,4.8817814690674504e-15,DR16,,,,,,0.1393702916149249,W,1796.1614,1768.3026925863635,True,False,False,False,False,False,False,False,256,False,True,0.0873574799057216,2489.469387,0.3171979305280245,HST,LEDA 3095898,False
69.62163949025,-61.79971490836,1134.236,1760.759,COS,LEDA 3095694,8436.960000000001,1,11692,,,198520.08697236568,0.0,0.0,197635.25440488965,,,,0.069001,RBS563,1.0,0.24329423725547158,3.2828158783990604e-15,NED,,,,,,0.069001,*,1760.759,1659.0895520000001,True,False,False,False,False,False,False,False,0,False,False,,,,HST,LEDA 3095694,False
47.615869313314,-0.8307956180039999,1134.4669,1796.2771999999998,COS,LEDA 138607,15321.728000000001,5,12248,,,415.3948839646062,0.0,1.0,0.2660412029518348,0.0804266222243994,0.080447,031027.82-004950.7,0.080447,SDSSJ031027.82-004950.7,1.0,0.24999990823848803,4.3453563487430905e-15,DR16,,,,,,0.0804266222243994,W,1796.2771999999998,1676.822117692268,True,False,False,False,False,False,False,False,256,False,True,0.3267490975754881,3045.979606,0.429642231349026,HST,LEDA 138607,False
40.790008825566666,-72.28011265762666,1131.7197,1775.0,COS,LEDA 10293,11245.552,6,12263,,,209606.67461156528,0.0,0.0,209606.67461156528,,,,0.102,UKS-0242-724,1.0,0.04658226009776453,7.773264337373671e-15,NED,,,,,,0.102,*,1775.0,1710.304,True,False,False,False,False,False,False,False,0,False,False,,,,HST,LEDA 10293,False
188.26688125628377,-0.5261562352973375,1134.2129,3245.0685999999996,COS,LBQS 1230-0015,41792.89600000001,8,"MULTI,17093,12486,11598",,,460.52613035592077,0.0,1.0,0.018869637566770427,0.4716400520987808,0.470945,123304.05-003134.1,,,0.0,6723.70172080369,,,,,,,,0.4716400520987808,W,3245.0685999999996,2283.9853608573076,True,False,False,False,False,False,False,False,256,False,True,0.1067994027233758,3372.573462,1.8020458734458469,HST,LBQS 1230-0015,False
66.50322521215834,-57.20032376393611,1131.4763,1796.0796,COS,LB 1727,74466.024,18,"MULTI,11686",,,181108.24674261865,0.0,0.0,180979.91533473865,,,,0.104,IRAS-F04250-5718,1.0,0.09867234558039831,2.44398782463497e-14,https://arxiv.org/pdf/1710.10703.pdf,,,,,,0.104,*,1796.0796,1713.4080000000001,True,False,False,False,False,False,False,False,0,False,False,,,,HST,LB 1727,True
157.162998070235,45.002613052185,1662.84,3211.2128,COS,QSO J1028+4500,5001.472,2,12299,,,314.78632796066216,0.0,1.0,0.08428647040980021,0.5842076836706303,0.584,102839.11+450009.4,,,0.0,17232.08215100602,,,,,,,,0.5842076836706303,W,3211.2128,2458.690325056818,True,False,False,False,False,False,False,False,256,False,True,0.0744773951672561,5190.258197,0.529182624941616,HST,QSO J1028+4500,False
154.0942205552406,47.11203998234438,1067.2924,3200.0,COS,QSO J1016+4706,77930.55904019944,16,"MULTI,17076,13033,17093,11598",,,378.69500924688055,0.0,1.0,0.1155888346544024,0.8226163599706675,0.822222,101622.62+470643.3,,,0.0,12014.849137456857,,,,,,,,0.8226163599706675,W,3200.0,2828.700590674476,True,False,False,False,False,False,False,False,0,False,False,,,,HST,QSO J1016+4706,False
137.62397801872874,10.2371109917225,44.176399999999994,2441.3138,COS,QSO J0910+1014,64232.16,8,"MULTI,17076,11598,13033",,,338.2121947481515,0.0,1.0,0.007170507975787597,0.4633149219110179,0.462765,091029.75+101413.5,,,0.0,23772.556921648484,,,,,,,,0.4633149219110179,W,2441.3138,2271.0647588059,True,False,False,False,False,False,False,False,256,False,True,0.044831647032045,3462.579985,0.9318109277299008,HST,QSO J0910+1014,False
145.8817259767357,5.525409748607713,42.84170000000001,3640.5749,COS,QSO J0943+0531,26097.888,7,"MULTI,17093,13033,11598",,,851.2895948905941,0.0,1.0,0.01573809434592132,0.5660869262457968,0.564325,094331.61+053131.4,,,0.0,16804.912057924732,,,,,,,,0.5660869262457968,W,3300.0,2430.5669095334765,True,False,False,False,False,False,False,False,256,False,True,0.0861375334677121,1913.743687,0.999841566903326,HST,QSO J0943+0531,False
138.66828234244,28.39183848717333,1150.0,3216.6898,COS,QSO J0914+2823,18067.68,6,"17093,11598",,,135.46466757304566,0.0,1.0,0.012725376770336645,0.735609436319563,0.735438,091440.38+282330.6,,,0.0,25753.82803862341,,,,,,,,0.735609436319563,W,3216.6898,2693.6658451679614,True,False,False,False,False,False,False,False,256,False,True,0.0075794382323506,2861.434035,1.0399215189091482,HST,QSO J0914+2823,False
1.4967823045497584,16.16362800907655,1131.6065,3301.0,COS/FOS,ICRF J000559.2+160949,65772.60111817354,29,"12038,3791",,,461.14028662946123,0.0,0.0,461.14028662946123,,,,0.4504,PG0003+158,1.0,0.11267546325541625,7.250530665130901e-15,Sul,,,,,,0.4504,*,3301.0,2251.0208000000002,True,True,False,False,False,False,False,False,0,False,False,,,,HST,ICRF J000559.2+160949,True
30.488223545403493,-11.542583561093478,1134.4736,3301.0,COS/FOS,ICRF J020157.1-113233,49081.90961337638,23,"12038,5664",,,5270.396273099233,0.0,0.0,4789.3139815337945,,,,0.6713,3C057,1.0,0.21995351081688497,5.28084595451543e-15,Sul,,,,,,0.6713,*,3301.0,2593.8576,True,True,False,False,False,False,False,False,0,False,False,,,,HST,ICRF J020157.1-113233,False
20.940614784620454,-58.805793424648165,1131.6369,10270.0,COS/FOS/STIS,ESO 113-45,15843.661358400002,22,"12604,18130,9128,4045",,,153548.2043605122,0.0,0.0,153548.2043605122,,,,0.0461,Fairall9,1.0,0.20841798920508506,2.91601242880078e-14,Sul,,0.04702,,,,0.0461,*,7000.0,1623.5472,True,True,False,False,False,True,False,False,8,False,False,,,,HST,ESO 113-45,True
342.17167498430007,-51.16476730915142,1131.5175,1796.0736,COS,2MASS J22484115-5109532,55058.08399999999,14,11686,,,143384.7909188596,0.0,0.0,143384.7909188596,,,,0.1,IRAS-F22456-5125,1.0,0.7431006140758487,1.34919516877147e-14,https://arxiv.org/pdf/1710.10703.pdf,,,,,,0.1,*,1796.0736,1707.2,True,False,False,False,False,False,False,False,0,False,False,,,,HST,2MASS J22484115-5109532,False
202.68813457918,28.222637611328572,44.17850000000001,2441.598,COS,2MASS J13304515+2813216,39703.488,7,"MULTI,17093,11598,13033",,,295.26293748115415,0.0,1.0,0.02617522765912575,0.4171968473498484,0.41731,133045.15+281321.5,,,0.0,9896.244177210647,,,,,,,,0.4171968473498484,W,2441.598,2199.4895070869647,True,False,False,False,False,False,False,False,256,False,True,0.0177994125251979,3270.663838,0.7895365250667022,HST,2MASS J13304515+2813216,False
179.49470146091164,-0.3724649196511,41.3597,2440.0662999999995,COS,2MASS J11575874-0022208,21448.832,6,"MULTI,13033,11598",,,201.94305303352414,0.0,1.0,0.031756949718872385,0.2601715363224793,0.260354,115758.72-002220.9,0.260354,SDSSJ115758.72-002220.8,1.0,1.0750202325433955,,DR16,,,,,,0.2601715363224793,W,2440.0662999999995,1955.7862243724878,True,False,False,False,False,False,False,False,256,False,True,0.081713331596237,4753.966375,0.0,HST,2MASS J11575874-0022208,False
171.16325634242773,42.02917979801615,1131.617,2330.0,COS/FOS,2MASS J11243917+4201450,22820.79561761858,13,"12024,5456",,,579.2627925884991,0.0,1.0,0.03324201170008766,0.2251139627299986,0.225,112439.18+420145.0,0.2253,PG1121+422,1.0,0.07590141512029037,8.10917795927497e-15,Sul,,,,,,0.2251139627299986,W,2330.0,1901.3768701569577,True,True,False,False,False,False,False,False,256,False,True,0.0388587013837676,2723.144781,0.2761271391091058,HST,2MASS J11243917+4201450,True
11.774585576441815,3.331922332903363,1140.0,3301.0,COS/FOS,87GB 004432.0+030343,9202.0597,11,"12275,2424",,,759.100081837873,0.0,0.0,220.01750109931052,,,,0.6231,PG0044+030,1.0,0.16251466514927002,2.4411110539852706e-15,Sul,,,,,,0.6231,*,3301.0,2519.0512,True,True,False,False,False,False,False,False,0,False,False,,,,HST,87GB 004432.0+030343,False
219.3589196999767,50.76551328540333,1134.2693999999997,3200.0,COS,7C 143544.20+505906.00,33916.224,6,"MULTI,17093,11598",,,375.62002197969605,0.0,1.0,0.0385785970740947,0.7829173500082636,0.78226,143726.14+504555.8,,,0.0,11627.874970916595,,,,,,,,0.7829173500082636,W,3200.0,2767.087727212825,True,False,False,False,False,False,False,False,256,False,True,0.0281808295348764,4915.247246,0.5056892364154055,HST,7C 143544.20+505906.00,False
188.00010522777887,-2.4016124992477628,1140.0,8950.0,COS/FOS/STIS,Q1229-0207,47914.790186666054,15,"12593,7475,3939,1193,5351,5588",,,942.588723984481,0.0,1.0,1.054192963368778,1.04259567632235,1.045059,123200.01-022404.7,,,0.0,5947.213792297572,,,,,,,,1.04259567632235,W,7000.0,3170.1084896522875,True,False,False,False,False,False,False,False,0,False,False,,,,HST,Q1229-0207,True
230.415055264274,3.624797786936,1134.3257,1775.0,COS,2MASS J15213967+0337292,10059.328000000001,5,12248,,,304.5478064178509,0.0,1.0,0.8038376464918202,0.1262864548589803,0.1265,152139.66+033729.2,0.1265,SDSSJ152139.66+033729.2,1.0,0.19871315158468156,1.4992211948224701e-15,DR16,,,,,,0.1262864548589803,W,1775.0,1747.9965779411375,True,False,False,False,False,False,False,False,256,False,True,0.8077876702606009,7358.718711,0.0,HST,2MASS J15213967+0337292,False
140.497487,45.15344,44.7234,2400.1485,COS,2MASS J09215939+4509126,63421.408,1,MULTI,,,112.95203763693253,0.0,1.0,0.006224240667696866,0.2349403549032422,0.235028,092159.39+450912.3,,,0.0,18863.96461868629,,,,,,,,0.2349403549032422,W,2400.1485,1916.627430809832,True,False,False,False,False,False,False,False,256,False,True,0.0209002232766886,1512.37441,0.8141433602768119,HST,2MASS J09215939+4509126,False
10.97910445744,42.57507898398,1112.9257,2898.2482999999993,COS,2MASS J00435499+4234302,42545.088,1,MULTI,,,24571.15314360792,0.0,0.0,23266.815391023938,,,,0.191,Q0043+4234,1.0,0.07657491766699874,8.85816161251634e-16,NED,,,,,,0.191,*,2898.2482999999993,1848.432,True,False,False,False,False,False,False,False,0,False,False,,,,HST,2MASS J00435499+4234302,False
132.72129929031334,44.856228567773336,1670.3911,3616.933199999999,COS,US 1766,28546.304,3,13016,,,541.5802586727569,0.0,1.0,0.12292593047361874,0.5423139383047447,0.5418787002563477,085053.12+445122.4,,,0.0,4120.490700140902,,,,,,,,0.5423139383047447,W,3300.0,2393.671232248964,True,False,False,False,False,False,False,False,256,False,True,0.1215801765105824,8963.076431,1.1419237410743457,HST,US 1766,False
205.98636930721,25.646543777478,1067.3749,1740.0,COS/STIS,Ton 730,24968.056,5,"13314,8316",,,945.7217575421746,0.0,1.0,0.249068491888525,0.086539683507218,0.0865,134356.74+253847.6,,,0.0,17309.33978016523,,,,,,,,0.086539683507218,W,1740.0,1686.3095888032024,True,False,False,False,False,False,False,False,256,False,True,0.2943503119358762,3354.005787,0.3045888647499655,HST,Ton 730,True
141.47799622412836,19.901391892979998,1114.9519,2283.9393,COS,Ton 1057,10083.128,6,"MULTI,13451,12569",,,379.35207730148454,0.0,1.0,0.12537663755937775,0.1897071691256025,0.1922,092554.71+195405.1,0.1922,QSO-B0923+201,1.0,0.031861310363410125,1.3089446904619e-14,DR16,,,,,,0.1897071691256025,W,2283.9393,1846.425526482935,True,False,False,False,False,False,False,False,256,False,True,0.1387936949599782,7900.186526,0.5014790341087674,HST,Ton 1057,True
172.90484650787,15.945928268146,1141.4511,2100.0,COS,RX J1131.6+1557,24382.592000000004,5,"MULTI,17093,12603",,,645.8374692873244,0.0,1.0,0.005846729340076931,0.182958699925627,0.1829,113137.16+155645.3,,,0.0,21142.81095336862,,,,,,,,0.182958699925627,W,2100.0,1835.951902284573,True,False,False,False,False,False,False,False,384,True,True,0.0400999789812295,2138.31776,0.4266347246825883,HST,RX J1131.6+1557,False
234.1510268975125,4.690860931621833,1663.2889,3211.0530999999996,COS,QSO J1536+0441,4624.128,2,12299,,,638.2274690485052,0.0,1.0,0.35817842279081485,0.3889571950060589,0.3791,153636.22+044127.0,,,0.0,13952.29938097568,,,,,,,,0.3889571950060589,W,3211.0530999999996,2155.6615666494035,True,False,False,False,False,False,False,False,256,False,True,0.358226582164771,9437.263422,0.4064695042599993,HST,QSO J1536+0441,False
215.7219696307933,-0.0304052536105555,2091.7018000000003,3633.5836,COS,QSO J1422-0001,11290.784,1,12522,,,256.88080061025306,0.0,1.0,0.7382142560960102,1.0813281286488832,1.081948,142253.31-000149.0,,,0.0,28551.980008360137,,,,,,,,1.0813281286488832,W,3300.0,3230.2212556630666,True,False,False,False,False,False,False,False,0,False,False,,,,HST,QSO J1422-0001,False
178.70597515922498,1.5787516322579997,1660.1561,3207.5261,COS,QSO J1154+0134,4616.192,2,12299,,,550.9042849901198,0.0,1.0,0.1339938229084914,0.4694367069366986,0.469563,115449.42+013443.5,,,0.0,7576.870912256547,,,,,,,,0.4694367069366986,W,3207.5261,2280.565769165756,True,False,False,False,False,False,False,False,256,False,True,0.1427619804718688,5056.828931,0.1912232254490939,HST,QSO J1154+0134,False
234.16014216449398,54.5590448622,1131.7851,3301.0,COS/FOS,Mrk 486,15116.536000095366,10,"12276,4847",,,268.28694881264653,0.0,0.0,97.09132389231101,,,,,,0.0,12042.56445626852,,,,0.0389,,,,0.0389,B,3301.0,1612.3727999999999,True,False,False,True,True,True,False,False,14,False,False,,,,HST,Mrk 486,True
2.629209872297576,10.974875949471617,1140.0,3301.0,COS/FOS,Mrk 1501,9953.376312999999,11,"12569,2717",,,207.7490801098019,0.0,0.0,207.7490801098019,,,,,,0.0,18416.834719527764,,,,0.08934,,,,0.08934,B,3301.0,1690.6556799999998,True,False,False,False,False,True,False,False,8,False,False,,,,HST,Mrk 1501,True
226.00497292934202,10.43771696175,1069.1516,1796.3386,COS,Mrk 841,6279.008,5,"MULTI,16905",,,231.0482543180965,0.0,0.0,207.2894876267766,,,,0.036422,MRK841,1.0,0.3139257622998004,1.96074183340612e-14,NED,,0.0364,,,,0.036422,*,1796.3386,1608.526944,True,False,False,True,False,False,False,False,2,False,False,,,,HST,Mrk 841,True
172.3197081399836,-4.402080516227679,898.8548,1775.0,COS,Mrk 1298,40729.128001000005,25,"MULTI,13836,13429,12569",,,2873.9279805810374,0.0,0.0,2745.353480593963,,,,0.06,PG1126-041,1.0,1.047598118467905,1.37368994354013e-14,https://arxiv.org/pdf/1710.10703.pdf,,,,,,0.06,*,1775.0,1645.1200000000001,True,False,False,False,False,False,False,False,0,False,False,,,,HST,Mrk 1298,True
15.112951014358572,-51.2317182460643,1131.747,1761.0008,COS/STIS,LEDA 3095485,9695.832,7,"12604,9858",,,124141.37780806745,0.0,0.0,124141.37780806745,,,,0.062817,RBS144,1.0,0.3143475169508443,1.74304982138361e-14,NED,,,,,,0.062817,*,1761.0008,1649.4919839999998,True,False,False,False,False,False,False,False,0,False,False,,,,HST,LEDA 3095485,False
151.0838839117117,5.216772836747872,1064.8583,4822.0,COS/FOS,LEDA 29208,33505.57421101765,23,"MULTI,13347,6781,6247",,,653.3254560582152,0.0,1.0,0.09807388240481947,0.1612385044965225,0.161076,100420.13+051300.4,0.1611,PG1001+054,1.0,0.1778626285648225,3.5347601280778807e-15,Sul,,,,,,0.1612385044965225,W,4822.0,1802.242158978603,True,True,False,False,False,False,False,False,384,True,True,0.1064285207334182,2723.854197,0.7889974027195055,HST,LEDA 29208,True
357.9836715624778,-1.1537440162768886,1150.0,3180.0,COS/FOS/STIS,ICRF J235156.1-010913,5205.992,9,"12569,8144,4953",,,305.1488653009172,0.0,1.0,0.6614491860816102,0.1739381299235957,0.1743927597999572,235156.12-010913.3,0.174,J23519-0109,1.0,0.6284336660267903,3.1573488192806e-15,Sul,,,,,,0.1739381299235957,W,3180.0,1821.9519776414204,True,True,False,False,False,False,False,False,256,False,True,0.6899260507714582,5419.162022,0.0,HST,ICRF J235156.1-010913,True
46.89780827816833,-72.83403225844332,1131.5868,1775.0,COS,ESO 31-8,11340.504,6,12263,,,215390.87176730498,0.0,0.0,215390.87176730498,,,,0.027619,ESO-031--G-008,1.0,0.15160397256982447,4.9174575222302404e-15,NED,,,,,,0.027619,*,1775.0,1594.8646880000001,True,False,False,False,False,False,False,False,0,False,False,,,,HST,ESO 31-8,False
290.3089495760983,-58.67029085358334,1150.0,1775.0,COS,ESO 141-55,9389.288,6,12936,,,176579.6446014846,0.0,0.0,174159.63298691707,,,,0.037109,ESO-141-55,1.0,0.0999651633438862,7.23250030136542e-14,NED,,,,,,0.037109,*,1775.0,1609.593168,True,False,False,False,False,False,False,False,0,False,False,,,,HST,ESO 141-55,True
217.36372783115402,52.647062558502,1667.6482000000003,3635.7821,COS,[VV2006] J142927.3+523849,60271.808,5,13016,,,221.84454100997414,0.0,1.0,0.14180074034645448,0.5949813137490401,0.593,142927.28+523849.5,,,0.0,17483.901671806078,,,,,,,,0.5949813137490401,W,3300.0,2475.41099893851,True,False,False,False,False,False,False,False,256,False,True,0.4240399607331957,2937.091544,1.1297386545900556,HST,[VV2006] J142927.3+523849,False
209.26861789246604,19.31862029668739,1140.0,4822.0,COS/FOS,[OKM2018] SWIFT J1357.0+1929,57229.27856199999,23,"13398,2424,3858",,,643.9398961729917,0.0,1.0,0.6209468233656055,0.7196077067036691,0.7196,135704.43+191907.3,0.7197,J13570+1919,1.0,0.5272474879260709,2.70176292785966e-15,Sul,,,,,,0.7196077067036691,W,4822.0,2668.8311608040945,True,True,False,False,False,False,False,False,256,False,True,0.6168991853468822,4199.88335,0.0,HST,[OKM2018] SWIFT J1357.0+1929,False
235.919759895505,11.467052598999999,1664.7582,3211.2409,COS,2MASS J15434073+1128015,4400.064,2,12299,,,973.5060146551333,0.0,1.0,0.02585977751311191,0.4216610211436046,0.4218,154340.74+112801.3,,,0.0,34034.932915823316,,,,,,,,0.4216610211436046,W,3211.2409,2206.417904814874,True,False,False,False,False,False,False,False,256,False,True,0.0093636606487263,4357.067609,0.3767648885621504,HST,2MASS J15434073+1128015,False
169.81722200349,11.018636352019998,1662.912,3211.5623,COS,2MASS J11191611+1101069,4656.128,2,12299,,,1213.4929641624756,0.0,1.0,0.0900068879179138,0.3938676883145244,0.393575,111916.12+110107.1,,,0.0,22249.584243697052,,,,,,,,0.3938676883145244,W,3211.5623,2163.282652264142,True,False,False,False,False,False,False,False,256,False,True,0.0794097935156672,4073.239759,0.6137516509215717,HST,2MASS J11191611+1101069,False
133.39262213226604,43.81718829239643,1065.0947,3301.0,COS/FOS,US 1867,98821.45604447888,28,"13398,6612,2424",,,640.1481074883311,0.0,1.0,0.4444106071560721,0.5148567601522849,0.5138915181159973,085334.23+434902.3,0.5149,J08535+4349,1.0,0.17007150147974184,2.2502688109350704e-15,Sul,,,,,,0.5148567601522849,W,3301.0,2351.0576917563462,True,True,False,False,False,False,False,False,256,False,True,0.4487188853179631,2511.24713,0.8286404919392358,HST,US 1867,False
172.51249412062,60.441257219225,1114.2555,2282.7434,COS,Q1130+6026,9718.088,2,14137,,,993.2232373616686,0.0,1.0,0.10493593132893408,0.3741450071609884,0.373767,113003.00+602628.4,,,0.0,15091.396707535716,,,,,,,,0.3741450071609884,W,2282.7434,2132.673051113854,True,False,False,False,False,False,False,False,256,False,True,0.1185853549653909,3236.785386,0.450623146574858,HST,Q1130+6026,False
21.37009240960458,-0.09887650876237249,1405.0,3301.0,COS/FOS,QSO J0125-0006,99825.29453,24,"13398,2424",,,512.5461648935392,0.0,1.0,0.3415911537033358,1.0732091996381183,1.075748,012528.84-000555.9,,,0.0,14284.338047959782,,,,,,,,1.0732091996381183,W,3301.0,3217.62067783836,True,False,False,False,False,False,False,False,0,False,False,,,,HST,QSO J0125-0006,False
208.64861590383285,18.08819462269429,1112.8942,4822.0,COS/FOS,PB 4142,22289.691776940934,7,"MULTI,15890,6781",,,472.8986830142367,0.0,1.0,0.30193172561084236,0.1509130171767141,0.1509,135435.68+180517.4,0.1508,PG1352+183,1.0,0.30274761057943644,8.21435053789935e-15,Sul,,,,,,0.1509130171767141,W,4822.0,1786.2170026582603,True,True,False,False,False,False,False,False,256,False,True,0.356228730170641,4278.270012,0.6317753223876942,HST,PB 4142,True
33.63988764505749,-0.7667350996979668,1113.3636,3216.6031999999996,COS,NGC 863,29001.248,12,"MULTI,17990,13512,16417,15404,13185,15448,16699",,,347.9120894005208,0.0,0.0,183.4567583365157,,,,0.026385,NGC-863,1.0,0.05481378565273554,2.12889322270041e-15,NED,,0.02639,,,,0.026385,*,3216.6031999999996,1592.9495200000001,True,False,False,False,False,True,False,False,8,False,False,,,,HST,NGC 863,True
38.6577211309556,-8.787995634920472,24.654599999999995,2440.082,COS/STIS,NGC 985,73448.19199899999,28,"13812,12953,7345",,,705.7717803751793,0.0,0.0,342.4831511954738,,,,0.04271,NGC-985,1.0,0.3639028035792054,3.66088729587141e-14,NED,,,,,,0.04271,*,2440.082,1618.28592,True,False,False,False,False,False,False,False,0,False,False,,,,HST,NGC 985,False
154.88692105038,-3.337494031275556,1138.8761,1792.5697,COS,Mrk 1253,14008.896000000002,9,13347,,,1363.0955580595532,0.0,0.0,1363.095558059748,,,,0.049986,MRK-1253,1.0,0.2845490362371964,4.0113710718499105e-15,NED,,,,,,0.049986,*,1792.5697,1629.5782720000002,True,False,False,False,False,False,False,False,0,False,False,,,,HST,Mrk 1253,False
226.485650306795,3.7073123909415,1131.255,1778.3612,COS/STIS,Mrk 1392,11686.56,2,"13448,9874",,,861.8839293459797,0.0,0.0,681.9309674280481,,,,0.0359,MRK1392,1.0,1.2616613628662965,1.67759018570134e-14,https://arxiv.org/pdf/1710.10703.pdf,,0.0361,,,,0.0359,*,1778.3612,1607.7168000000001,True,False,False,True,False,False,False,False,2,False,False,,,,HST,Mrk 1392,False
324.0957538878637,-62.40029702703166,1150.0,1775.0,COS,LEDA 89176,18631.648,3,12936,,,191232.89549287365,0.0,0.0,191129.4036402372,,,,0.059,1H-2129-624,1.0,0.4106174119206404,2.8620267012121704e-14,https://arxiv.org/pdf/1710.10703.pdf,,,,,,0.059,*,1775.0,1643.568,True,False,False,False,False,False,False,False,0,False,False,,,,HST,LEDA 89176,False
151.38633396090225,-24.287819449823335,1130.2546,1802.6261,COS,LEDA 82580,38001.88799999999,9,"MULTI,13347",,,56403.8148268328,0.0,0.0,56403.8148268328,,,,0.154,2MASX-J10053271-2417161,1.0,1.0980829254772875,1.28171352705898e-15,https://arxiv.org/pdf/1710.10703.pdf,,,,,,0.154,*,1802.6261,1791.0079999999998,True,False,False,False,False,False,False,False,0,False,False,,,,HST,LEDA 82580,False
301.47081935023,-41.57837810465001,1131.1016,1778.2147,COS,LEDA 3096578,13991.52,1,13448,,,112253.01124951761,0.0,0.0,109267.6810682754,,,,0.079632,RBS1666,1.0,0.4928295555718416,7.31370062148286e-15,NED,,,,,,0.079632,*,1778.2147,1675.5888639999998,True,False,False,False,False,False,False,False,0,False,False,,,,HST,LEDA 3096578,False
236.93133281517845,20.8712560352379,1064.7859,4822.0,COS/FOS,ICRF J154743.5+205216,49336.16536007629,19,"13398,2578,6611",,,716.964224551885,0.0,1.0,0.30378517302170405,0.264302369358326,0.264542,154743.53+205216.6,0.2659,PG1545+210,1.0,0.26397397346554946,5.178629913554821e-15,Sul,,,,,,0.264302369358326,W,4822.0,1962.1972772441218,True,True,False,False,False,False,False,False,256,False,True,0.2951028727054078,5611.038093,0.0,HST,ICRF J154743.5+205216,True
305.4648173625768,-31.2897278703441,1131.3856,1778.4679,COS,ESO 462-9,13676.352,1,13448,,,76216.24324971705,0.0,0.0,72582.1724236063,,,,0.019277,ESO462-G09,1.0,0.5707515530963067,2.25279603434153e-15,NED,,,,,,0.019277,*,1778.4679,1581.917904,True,False,False,False,False,False,False,False,0,False,False,,,,HST,ESO 462-9,False
151.48067538653888,-23.056856147201113,1139.0486,1792.7373,COS,ESO 499-41,25327.104,9,13347,,,54546.29600717387,0.0,0.0,54546.29600717387,,,,0.012816,ESO-499-G-041,1.0,1.0940899028034672,1.0160299418638001e-15,NED,,,,,,0.012816,*,1792.7373,1571.890432,True,False,False,False,False,False,False,False,0,False,False,,,,HST,ESO 499-41,False
188.14925066467663,6.052768587133333,1136.0769,1786.851,COS,2MASS J12323582+0603098,44533.568,6,13383,,,703.2059571816965,0.0,0.0,101.83732206939455,,,,0.083473,SDSSJ123235.82+060310.0,1.0,0.8973765937838079,3.1473136607045506e-15,NED,,,,,,0.083473,*,1786.851,1681.550096,True,False,False,False,False,False,False,False,0,False,False,,,,HST,2MASS J12323582+0603098,False
151.309210661385,53.044454517175,28.577000000000005,2440.5574,COS,2MASS J10051419+5302398,11159.168,2,14137,,,167.67896033065205,0.0,1.0,0.06536012834992402,0.5624120032253861,0.561441,100514.20+530240.0,,,0.0,10586.602113855251,,,,,,,,0.5624120032253861,W,2440.5574,2424.8634290057994,True,False,False,False,False,False,False,False,384,True,True,0.044751260083557,3482.740138,2.4899440458858813,HST,2MASS J10051419+5302398,False
57.869064150255554,-14.485678894436667,1140.0,3301.0,COS/FOS,3C 95,34474.05447432834,18,"13398,6612,2424",,,25609.57258021637,0.0,0.0,25609.57258021637,,,,0.616,3C095,1.0,0.2530148279596806,6.833726016758871e-15,Sul,,,,,,0.616,*,3301.0,2508.032,True,True,False,False,False,False,False,False,0,False,False,,,,HST,3C 95,False
343.49067744826976,16.148126833663238,1140.0,6871.999999999999,COS/FOS,3C 454.3,70768.115657141,34,"13398,6214,2424,2578",,,1814.578851364676,0.0,0.0,783.4689716508137,,,,0.8586,3C454,1.0,0.36991151648032,1.4515733487481101e-15,Sul,,,,,,0.8586,*,6871.999999999999,2884.5472,True,True,False,False,False,False,False,False,0,False,False,,,,HST,3C 454.3,False
243.82941657928,-9.60367487023,1131.2826,1778.3295,COS,2MASS J16151905-0936132,13486.496,1,13448,,,30879.815844190554,0.0,0.0,30389.882123817053,,,,0.06496,1H1613-097,1.0,1.479670609226505,3.81260826126406e-15,https://arxiv.org/pdf/2108.11958.pdf,,,,,,0.06496,*,1778.3295,1652.81792,True,False,False,False,False,False,False,False,0,False,False,,,,HST,2MASS J16151905-0936132,False
9.087182213407136,45.66478919612772,1131.3367,1802.4076,COS,Z 535-12,27526.84080022043,22,14268,,,31571.636357463827,0.0,0.0,31571.636357463827,,,,0.047643,ZW535.012,1.0,0.03929056600535883,8.557165836874561e-15,NED,,,,,,0.047643,*,1802.4076,1625.9419360000002,True,False,False,False,False,False,False,False,0,False,False,,,,HST,Z 535-12,False
38.34302696098625,27.936983752425,1131.2353,1802.3705,COS,Mrk 1179,22631.207999,8,14268,,,748.2933130118373,0.0,0.0,723.7373152909048,,,,0.037599,MRK1179,1.0,0.1037980887601204,2.0632861581371203e-15,NED,,,,,,0.037599,*,1802.3705,1610.3536479999998,True,False,False,False,False,False,False,False,0,False,False,,,,HST,Mrk 1179,False
14.972108602502502,31.826994590010003,1131.2591,1802.4343000000003,COS,Mrk 352,16986.307999999997,8,14268,,,578.4701254034118,0.0,0.0,208.27800922927537,,,,0.01486,MRK352,1.0,0.032736345307275684,2.4898203047986703e-15,NED,,,,,,0.01486,*,1802.4343000000003,1575.0627200000001,True,False,False,False,False,False,False,False,0,False,False,,,,HST,Mrk 352,True
12.97815748282,17.432902391648753,1131.208,1802.355,COS,Mrk 1148,16997.476000000002,8,14268,,,710.170549009339,0.0,0.0,314.8771597367147,,,,0.064,MRK1148,1.0,0.14628507866400806,1.14006947583432e-14,https://arxiv.org/pdf/1710.10703.pdf,,,,,,0.064,*,1802.355,1651.328,True,False,False,False,False,False,False,False,0,False,False,,,,HST,Mrk 1148,True
31.566634496189998,-0.29145943875403074,1109.3515,8500.0,COS/FOS,Mrk 1018,97708.03756266212,13,"MULTI,14486,14853,15411,15440,15612,6704",,,51.06499754100184,0.0,0.0,51.06499754101429,,,,0.04261,MRK-1018,1.0,0.14434603922395042,5.39172237488621e-16,DR7,,,,,,0.04261,*,7000.0,1618.13072,True,False,False,False,False,False,False,False,0,False,False,,,,HST,Mrk 1018,True
28.90011563957727,31.25498976093546,1131.431,1802.3035,COS,LEDA 3095555,49333.2,11,14268,,,1311.9471862420132,0.0,1.0,0.07811572363369941,0.1337249806307565,0.1333737671375274,015536.03+311518.0,0.133373767137527,RXSJ0155.6+3115,1.0,0.06062433514850782,1.33730346715586e-15,DR16,,,,,,0.1337249806307565,W,1802.3035,1759.5411699389342,True,False,False,False,False,False,False,False,0,False,False,,,,HST,LEDA 3095555,False
178.44230814562,56.32646293256,39.78730000000001,2400.931,COS,LEDA 3096080,599.9359999999999,1,13761,,,212.99442682913067,0.0,1.0,0.01560515298294763,0.1291216814377574,0.129,115346.15+561935.2,,,0.0,23796.072319579034,,,,,,,,0.1291216814377574,W,2400.931,1752.3968495913994,True,False,False,False,False,False,False,False,128,True,False,,,,HST,LEDA 3096080,False
10.9269261225325,37.4219793180525,1131.1538,1802.2384,COS,LEDA 2100384,22614.684,8,14268,,,7454.742469130537,0.0,0.0,4837.67651177314,,,,0.08,RXSJ00437+3725,1.0,0.29515064567091726,6.741190762661971e-15,https://arxiv.org/pdf/1710.10703.pdf,,,,,,0.08,*,1802.2384,1676.16,True,False,False,False,False,False,False,False,0,False,False,,,,HST,LEDA 2100384,False
357.96988889380583,26.325718458988334,1131.0345,1802.1852999999996,COS,LEDA 1771917,32649.568,12,14268,,,926.871571918524,0.0,0.0,319.68081905885236,,,,0.04,RBS2055,1.0,0.36460602577960083,5.918588486112411e-15,"Wei,J+1999; A&AS",,,,,,0.04,*,1802.1852999999996,1614.0800000000002,True,False,False,False,False,False,False,False,0,False,False,,,,HST,LEDA 1771917,False
171.90160394791252,26.914005025195,1150.0,3301.0,COS/FOS,LB 10203,31266.483654516876,8,"13774,12603,6548",,,119.22306559622196,0.0,1.0,0.11131043982623207,0.3794773916728525,0.379006,112736.38+265450.5,,,0.0,21297.162504761585,,,,,,,,0.3794773916728525,W,3301.0,2140.948911876267,True,False,False,False,False,False,False,False,384,True,True,0.1440446104043601,1449.199013,1.053516398109405,HST,LB 10203,False
157.74621731025093,31.048801089544543,1134.212,4822.0,COS/FOS,ICRF J103059.0+310255,15221.978096603705,11,"14277,5934",,,674.3648515764362,0.0,1.0,0.09333582417606395,0.1777851648275505,0.1783969700336456,103059.09+310255.7,0.178,J10309+3102,1.0,0.08890024537058624,6.8000771918512905e-15,Sul,,,,,,0.1777851648275505,W,4822.0,1827.9225758123584,True,True,False,False,False,False,False,False,256,False,True,0.1281980216956178,5639.975539,0.0196310367173113,HST,ICRF J103059.0+310255,True
254.99558043258503,62.038376686674994,1230.0,2440.6637,COS,2MASS J16595894+6202181,11459.136,2,14137,,,1439.112848459369,0.0,1.0,0.048797333333281304,0.2326870796856196,0.232715,165958.93+620218.2,0.232715,Q1659+6202,1.0,0.7131718407754474,1.57429475489542e-15,DR16,,,,,,0.2326870796856196,W,2440.6637,1913.1303476720816,True,False,False,False,False,False,False,False,256,False,True,0.0219313838449616,4725.890639,0.0961752657983154,HST,2MASS J16595894+6202181,False
217.94162661059667,3.028859304444,1131.183,2100.0,COS,2MASS J14314604+0301444,39198.648,3,13862,,,468.01126467479224,0.0,1.0,0.038077531091505835,0.3405062626320304,0.340944,143145.99+030143.8,,,0.0,30803.308925873564,,,,,,,,0.3405062626320304,W,2100.0,2080.465719604911,True,False,False,False,False,False,False,False,256,False,True,0.0461341888893121,4508.158569,0.2563804653872293,HST,2MASS J14314604+0301444,False
144.84542516178,37.16220730037,25.678199999999997,2400.1976,COS,2MASS J09392289+3709438,599.9680000000001,1,13761,,,731.1386894646531,0.0,1.0,0.06338610659795099,0.1862369895060334,0.186164,093922.89+370943.9,,,0.0,11041.04854436765,,,,,,,,0.1862369895060334,W,2400.1976,1841.0398077133639,True,False,False,False,True,False,False,False,388,True,True,0.0480572433931106,1215.621861,1.277982764091174,HST,2MASS J09392289+3709438,False
12.711435353771332,35.61194623866667,1131.4632,1802.3171,COS,2MASS J00505073+3536429,26641.916799181214,15,14268,,,595.0004142782477,0.0,0.0,540.4808595099375,,,,0.058,RXSJ00508+3536,1.0,0.19599713342990713,9.747443541176453e-15,https://arxiv.org/pdf/1710.10703.pdf,,,,,,0.058,*,1802.3171,1642.016,True,False,False,False,False,False,False,False,0,False,False,,,,HST,2MASS J00505073+3536429,False
13.442281684524543,22.539519178349995,1130.537,1801.9871,COS,2MASS J00534614+2232224,26144.183998999993,11,"MULTI,14268,16301",,,335.7063755009547,0.0,1.0,0.1654105358263835,0.1477439224844126,0.149,005346.15+223222.3,0.149,RXSJ00537+2232,1.0,0.09206260650781303,3.2723108318319306e-15,DR16,,,,,,0.1477439224844126,W,1801.9871,1781.2985676958083,True,False,False,False,False,False,False,False,256,False,True,0.1668544685437767,2344.773033,0.2820511250761427,HST,2MASS J00534614+2232224,False
15.804032528087367,2.3528754286090527,1129.9785,2330.0,COS/FOS,LBQS 0100+0205,49466.631092339565,19,"15156,6612,4396",,,427.93992451986077,0.0,1.0,0.5640105221033521,0.3938332691580054,0.394,010312.99+022109.9,0.394,LBQS0100+0205,1.0,0.42934511775178624,1.9608878473793404e-15,Sul,,,,,,0.3938332691580054,W,2330.0,2163.229233733224,True,True,False,False,False,False,False,False,256,False,True,0.5628107217125727,6235.309053,0.0636414160283952,HST,LBQS 0100+0205,False
248.258804935672,39.40761791098,1131.1998,3301.0,COS/FOS,7C 163119.39+393037.00,19217.577773269688,5,"14777,4953",,,227.56901813166445,0.0,1.0,0.1483779002590972,1.0241461463636192,1.024575,163302.10+392427.4,,,0.0,5529.74712000972,,,,,,,,1.0241461463636192,W,3301.0,3141.4748191563367,True,False,False,False,False,False,False,False,0,False,False,,,,HST,7C 163119.39+393037.00,False
155.4680663114575,46.75435080390999,23.8427,3628.7060000000006,COS,2MASS J10215235+4645158,16683.648,4,14799,,,239.62668588115707,0.0,1.0,0.02490903122358619,0.204389520172524,0.204,102152.33+464515.6,,,0.0,14787.975277816202,,,,,,,,0.204389520172524,W,3300.0,1869.2125353077574,True,False,False,False,False,False,False,False,256,False,True,0.0338860499542116,9889.903882,0.0,HST,2MASS J10215235+4645158,False
152.9707491670125,54.701780113462505,23.3717,3631.5858,COS,2MASS J10115298+5442063,25787.840000000004,4,14799,,,266.75261752651033,0.0,1.0,0.06658983664680859,0.2461937341259831,0.2465149611234665,101152.98+544206.4,,,0.0,16615.41678252549,,,,,,,,0.2461937341259831,W,3300.0,1934.0926753635256,True,False,False,False,False,False,False,False,0,False,False,,,,HST,2MASS J10115298+5442063,False
209.75079079879663,-41.881343061241104,1130.5067,2330.0,COS/FOS,QSO B1355-4138,15160.233799999998,9,"15313,4953",,,131010.63622965553,0.0,0.0,131010.63622965553,,,,0.3145,J13590-4152,1.0,0.06312493033609773,8.5032665068507e-15,Sul,,,,,,0.3145,*,2330.0,2040.104,True,True,False,False,False,False,False,False,0,False,False,,,,HST,QSO B1355-4138,False
137.3170268819775,16.5895863947325,1381.9591,3637.2571,COS,LB 9388,9120.928,4,15180,,,955.6329656793422,0.0,1.0,0.004494237566114415,1.0720725631438892,1.0723251104354858,090916.08+163522.5,,,0.0,2447.467753617714,,,,,,,,1.0720725631438892,W,3300.0,3215.856617999316,True,False,False,False,False,False,False,False,0,False,False,,,,HST,LB 9388,False
207.18653692421498,2.8302901337015003,1381.4946,3631.6064,COS,[VV2006] J134844.8+024948,15652.8,4,15180,,,700.1055165674666,0.0,1.0,0.02112043250864288,1.044319055875876,1.044734,134844.76+024949.0,,,0.0,24385.968204395518,,,,,,,,1.044319055875876,W,3300.0,3172.78317471936,True,False,False,False,False,False,False,False,0,False,False,,,,HST,[VV2006] J134844.8+024948,False
159.86726873761168,39.39503631179334,1382.0346,3639.9788,COS,[VV2006] J103928.1+392342,11510.816,6,15180,,,653.4764395587971,0.0,1.0,0.011944782139701397,1.0113912769988356,1.011422,103928.14+392342.1,,,0.0,21307.614352063647,,,,,,,,1.0113912769988356,W,3300.0,3121.6792619021926,True,False,False,False,False,False,False,False,0,False,False,,,,HST,[VV2006] J103928.1+392342,False
124.3961469213175,22.621598298515003,1381.9452,3639.0292,COS,7C 081438.10+224634.00,15754.368,4,15180,,,837.0666694054298,0.0,1.0,0.017044051211946097,0.9816571523524804,0.981,081735.07+223717.7,,,0.0,25279.12123252046,,,,,,,,0.9816571523524804,W,3300.0,3075.5319004510498,True,False,False,False,False,False,False,False,256,False,True,0.0113325553191862,5868.866511,0.0,HST,7C 081438.10+224634.00,False
223.76025788624597,8.8338960743316,1381.5654999999997,3270.4893,COS,2MASS J14550246+0850022,15163.288,5,15180,,,467.8155261339552,0.0,1.0,0.02545844690563647,1.1068036930970115,1.1033,145502.46+085002.0,,,0.0,9839.157092410007,,,,,,,,1.1068036930970115,W,3270.4893,3269.759331686562,True,False,False,False,False,False,False,False,0,False,False,,,,HST,2MASS J14550246+0850022,False
160.6296714574125,22.216804306260002,1382.0748,3639.9168,COS,2MASS J10423110+2213003,15736.0,4,15180,,,690.7166643166189,0.0,1.0,0.01353720943041109,1.006926431853759,1.006,104231.12+221300.4,,,0.0,18071.215436357375,,,,,,,,1.006926431853759,W,3300.0,3114.749822237034,True,False,False,False,False,False,False,False,256,False,True,0.0106674233252667,3053.638491,0.0,HST,2MASS J10423110+2213003,False
169.77224102458,59.42057111831001,1110.6195,2279.6638,COS,2MASS J11190530+5925140,5502.72,1,15341,,,526.6153640902414,0.0,1.0,0.028104637730011338,0.2898494716185003,0.289869,111905.34+592514.0,,,0.0,13810.357491612216,,,,,,,,0.2898494716185003,W,2279.6638,2001.8463799519125,True,False,False,False,False,False,False,False,256,False,True,0.1115735152128573,3962.38892,0.892314183502628,HST,2MASS J11190530+5925140,False
202.34062133666998,14.742002440625,1381.6673,3640.5544,COS,SDSS J132921.75+144431.2,23773.184,6,15180,,,737.2106916243509,0.0,1.0,0.012911859014866694,0.982568635579821,0.981521,132921.75+144431.2,,,0.0,24236.917472201774,,,,,,,,0.982568635579821,W,3300.0,3076.946522419882,True,False,False,False,False,False,False,False,0,False,False,,,,HST,SDSS J132921.75+144431.2,False
210.09626113895249,43.64778747582,1382.3310999999997,3636.1282,COS,PB 1154,15016.448,4,15180,,,120.56531317941055,0.0,1.0,0.02638989446023153,1.1257729218427277,1.125,140023.10+433852.0,,,0.0,8806.137966289929,,,,,,,,1.1257729218427277,W,3300.0,3299.1995746999137,True,False,False,False,False,False,False,False,0,False,False,,,,HST,PB 1154,False
336.64191276415,-9.01838735151,1110.2803,2279.623,COS,FBQS J2226-0901,7681.728,1,15341,,,1017.2640457471381,0.0,1.0,0.0350556898513094,0.2986224246034802,0.298702,222634.05-090106.1,,,0.0,20707.661515026517,,,,,,,,0.2986224246034802,W,2279.623,2015.4620029846014,True,False,False,False,False,False,False,False,256,False,True,0.0227652471254801,1963.981822,11.740725653367916,HST,FBQS J2226-0901,False
170.82300242938595,5.3011209908756,1382.1697,3630.2556,COS,[VV2006] J112317.5+051804,8427.008,5,15180,,,344.66249970065473,0.0,1.0,0.02663141504956228,1.0014917528779768,1.000326,112317.51+051804.0,,,0.0,20546.929746245252,,,,,,,,1.0014917528779768,W,3300.0,3106.3152004666194,True,False,False,False,False,False,False,False,0,False,False,,,,HST,[VV2006] J112317.5+051804,False
162.164139868935,44.472527263932506,1382.1176,3632.5176,COS,[VV2006] J104839.4+442820,15008.960000000001,4,15180,,,348.93943455900046,0.0,1.0,0.016454931155433495,0.9990412132972248,0.998015,104839.39+442821.1,,,0.0,18325.64729100359,,,,,,,,0.9990412132972248,W,3300.0,3102.511963037293,True,False,False,False,False,False,False,False,0,False,False,,,,HST,[VV2006] J104839.4+442820,False
239.374774488304,33.079663634426005,1112.1996,3301.0,COS/FOS,7C 1555+3313,6583.307279999999,5,"15075,3858",,,222.92418978384887,0.0,1.0,0.1729935108538298,0.9410762926407744,0.944472,155729.93+330446.9,,,0.0,7129.085797039856,,,,,,,,0.9410762926407744,W,3301.0,3012.5504061784823,True,False,False,False,False,False,False,False,0,False,False,,,,HST,7C 1555+3313,False
193.94840882909142,40.20855721075999,1405.0,3639.5687,COS,2MASS J12554763+4012302,25606.88,7,15180,,,125.12701871649311,0.0,1.0,0.054292103313013415,1.0870571703077512,1.085,125547.61+401230.7,,,0.0,21344.95831674437,,,,,,,,1.0870571703077512,W,3300.0,3239.1127283176297,True,False,False,False,False,False,False,False,0,False,False,,,,HST,2MASS J12554763+4012302,False
58.127301350749995,-7.183983344246,1150.0,3301.0,COS/FOS,2MASSI J0352305-071102,18056.783998855593,7,"14777,4396",,,544.2963201167395,0.0,1.0,0.026468949720306324,0.9658738719295776,0.966246,035230.55-071102.3,,,0.0,22627.876065502853,,,,,,,,0.9658738719295776,W,3301.0,3051.0362492347044,True,False,False,False,False,False,False,False,0,False,False,,,,HST,2MASSI J0352305-071102,False
177.38231436201,22.507880095475002,1381.8737000000003,3639.8903,COS,2MASS J11493175+2230285,9138.655999999999,4,15180,,,466.4311760900943,0.0,1.0,0.0038865810575390903,0.9621238172597052,0.962317,114931.75+223028.3,,,0.0,9677.360324740172,,,,,,,,0.9621238172597052,W,3300.0,3045.2161643870627,True,False,False,False,False,False,False,False,0,False,False,,,,HST,2MASS J11493175+2230285,False
195.15092467207,13.784921479450002,1129.9649,1802.3913,COS,LEDA 1440438,17757.632,1,15227,,,795.6604051590743,0.0,1.0,0.07639360971013973,0.1422236107727236,0.142123,130036.21+134705.6,,,0.0,9196.633792821636,,,,,,,,0.1422236107727236,W,1802.3913,1772.7310439192668,True,False,False,False,False,False,False,False,384,True,True,0.028476929250574,1930.591179,0.7162271941669408,HST,LEDA 1440438,False
210.713327355935,26.52154235307,1111.9145,2281.8022,COS,ZTF J140251.20+263117.6,8829.44,2,15890,,,444.91503833359815,0.0,1.0,0.07283391074963369,0.1877570936158482,0.1875,140251.19+263117.5,,,0.0,2898.6613716327083,,,,,,,,0.1877570936158482,W,2281.8022,1843.3990092917963,True,False,False,False,False,False,False,False,256,False,True,0.039459071831411,4516.41635,0.7450951283353517,HST,ZTF J140251.20+263117.6,False
128.31340525553998,10.014545892975715,1111.0291,3276.2114000000006,COS,J0833+1005-OFFNUCLEUS,21166.616,7,15935,,,1002.2022099851048,0.0,1.0,2.018470681718071,0.2545035414000451,0.255,083315.08+100052.3,,,0.0,13274.544468678889,,,,,,,,0.2545035414000451,W,3276.2114000000006,1946.9894962528701,True,False,False,False,False,False,False,False,0,False,False,,,,HST,J0833+1005-OFFNUCLEUS,False
147.70155189563846,39.447480925179995,1064.8519,4822.0,COS/FOS/STIS,LEDA 2149945,12628.633421508352,13,"15890,8144,6781",,,91.97532998242536,0.0,1.0,0.47166416046212556,0.2059008465834214,0.205896,095048.38+392650.4,0.2067,PG0947+396,1.0,0.4136910071840912,8.328972918825641e-15,Sul,,,,,,0.2059008465834214,W,4822.0,1871.5581138974699,True,True,False,False,False,False,False,False,256,False,True,0.4372592037489139,4687.497806,0.0695136724769699,HST,LEDA 2149945,True
233.120000316095,4.8995574471565,1110.394,2281.0529,COS,2MASS J15322879+0453581,13905.92,2,15890,,,653.5631067291326,0.0,1.0,0.07696341401793105,0.2182197726059885,0.2182,153228.79+045358.3,,,0.0,10740.619630430378,,,,,,,,0.2182197726059885,W,2281.0529,1890.6770870844941,True,False,False,False,False,False,False,False,256,False,True,0.0728931623965205,2858.417664,0.1222123909785297,HST,2MASS J15322879+0453581,False
217.42961438588,47.79061054605636,1112.3456,3301.0,COS/FOS,2MASS J14294306+4747262,28029.306553099752,11,"15890,6781",,,436.34522183181036,0.0,1.0,0.34667458666613593,0.2201802978449285,0.2206865549087524,142943.07+474726.2,0.2199,J14297+4747,1.0,0.38472368612320296,5.630007686955071e-15,Sul,,,,,,0.2201802978449285,W,3301.0,1893.719822255329,True,True,False,False,False,False,False,False,256,False,True,0.3497903649987991,2469.687894,0.1562151656481354,HST,2MASS J14294306+4747262,True
221.061105980065,6.5518618099905,1112.6417,2281.5846,COS,2MASS J14441467+0633067,3520.128,2,15890,,,525.2425872184972,0.0,1.0,0.06017217585057944,0.2082787421218677,0.208456,144414.66+063306.7,,,0.0,21980.512945826467,,,,,,,,0.2082787421218677,W,2281.5846,1875.2486077731387,True,False,False,False,False,False,False,False,256,False,True,0.0534538221724955,3498.013039,0.0,HST,2MASS J14441467+0633067,False
35.0607313102,-7.4831325767015,1111.6611,2281.3646,COS,2MASS J02201457-0728591,8781.248,2,15890,,,403.32673622476955,0.0,1.0,0.0573055064940346,0.2137721031735916,0.213878,022014.57-072859.3,,,0.0,10329.601466529622,,,,,,,,0.2137721031735916,W,2281.3646,1883.7743041254141,True,False,False,False,False,False,False,False,256,False,True,0.0921648036017514,9139.75501,0.0,HST,2MASS J02201457-0728591,False
244.8189458473782,33.71071170951,450.436,5700.0,COS/STIS,QSO J1619+3342,53311.91950000001,11,"MULTI,17093,11598,18036",,,916.7656687434576,0.0,1.0,0.15250888407287053,0.471421556235689,0.47048020362854,161916.54+334238.4,,,0.0,15676.634118107637,,,,,,,,0.471421556235689,W,3300.0,2283.6462552777894,True,False,False,False,False,False,False,False,256,False,True,0.1581268044620074,5103.543507,0.8504644129427502,HST,QSO J1619+3342,False
189.39362839576665,44.792147432570005,1065.0919,3066.0,COS/STIS,[VV2006] J123734.4+444731,14913.44,3,"MULTI,16242,14135",,,626.647167720856,0.0,1.0,0.040973613652667516,0.461239247122457,0.4609514772891998,123734.47+444731.7,,,0.0,22039.88802583158,,,,,,,,0.461239247122457,W,3066.0,2267.8433115340536,True,False,False,False,False,False,False,False,256,False,True,0.0233561650523401,3940.135464,1.0170217869128615,HST,[VV2006] J123734.4+444731,False
199.98449335588546,27.468979107472727,1140.0,3301.0,COS/FOS,Ton 153,65812.94774999999,11,"MULTI,11667,2424",,,606.830508061099,0.0,1.0,0.5812212304425154,1.0164812610891576,1.014695,131956.23+272808.1,,,0.0,8998.288134126178,,,,,,,,1.0164812610891576,W,3301.0,3129.5789172103728,True,False,False,False,False,False,False,False,0,False,False,,,,HST,Ton 153,True
20.46474060179571,-28.349396824140005,1123.0,3190.0,COS/STIS,Ton S 210,66709.34400000001,7,"MULTI,9128,9415",,,56920.53032503087,0.0,0.0,56920.53032503087,,,,0.116,TONS210,1.0,0.44560774731391667,2.6439090369302502e-14,https://arxiv.org/pdf/1507.06317.pdf,,,,,,0.116,*,3190.0,1732.0320000000002,True,False,False,False,False,False,False,False,0,False,False,,,,HST,Ton S 210,True
155.87735054762925,19.864922438210876,1065.3592,10270.0,COS/STIS,NGC 3227,76982.44799999999,40,"MULTI,11837,15673,7403,8605,8479",,,260.0041002264479,0.0,0.0,260.00751809476714,,,,0.0039,NGC3227,1.0,0.5851093044656894,4.42271566736112e-16,Sul,,0.00386,,,,0.0039,*,3300.0,1558.0528,True,True,False,False,False,True,False,False,8,False,False,,,,HST,NGC 3227,True
37.5228989640275,-8.998100345003417,1134.2547,5610.0,COS/STIS,Mrk 1044,26149.199999999997,24,"12212,9687",,,1143.354979398884,0.0,0.0,572.8147665765594,,,,0.0161,MRK-1044,1.0,0.3865782501777194,2.50536012589817e-14,https://arxiv.org/pdf/1710.10703.pdf,,0.016451,,,,0.0161,*,3300.0,1576.9872,True,False,False,False,True,True,False,False,12,False,False,,,,HST,Mrk 1044,True
1.5812872307738977,20.20281705319612,24.657,8950.0,COS/FOS/STIS,Mrk 335,81282.86177448553,49,"MULTI,15439,11524,13814,9802,5182,5588",,,421.3007748669597,0.0,0.0,211.14267430716922,,,,0.025418,MRK-335,1.0,0.1399667994521398,1.89844530203064e-14,NED,,0.02579,,,,0.025418,*,7000.0,1591.4487359999998,True,True,False,False,True,True,False,False,12,False,False,,,,HST,Mrk 335,True
311.0406440941242,-10.7235107554266,23.4796,10270.0,COS/FOS/STIS,Mrk 509,160733.27803099997,50,"MULTI,12022,12916,12212,15124,8877,4045",,,13845.284223057986,0.0,0.0,13045.369090979673,,,,0.0344,Mrk509,1.0,0.27823003508280436,4.39994730913852e-14,Sul,,0.0344,,,,0.0344,*,7000.0,1605.3888,True,True,False,False,False,True,False,False,8,False,False,,,,HST,Mrk 509,True
125.10091130456165,23.58068574085333,1134.2337,3066.0,COS/STIS,QSO J0820+2334,26699.392000000003,6,"MULTI,11598,14135",,,823.2982308908094,0.0,1.0,0.019742027398042965,0.4702859377768876,0.470563,082024.21+233450.4,,,0.0,21503.931898503346,,,,,,,,0.4702859377768876,W,3066.0,2281.8837754297297,True,False,False,False,False,False,False,False,256,False,True,0.034595641160342,2494.57046,1.111486731149716,HST,QSO J0820+2334,False
236.37620434250664,48.76902799018778,454.6072,2399.6262,COS/FOS,QSO B1544+4855,37869.51919088189,9,"MULTI,4953,5451",,,261.7664049930809,0.0,1.0,0.6957055949791878,0.4009103960055726,0.3996714055538177,154530.23+484608.9,0.3978,J15455+4846,1.0,0.6930252680041549,4.498604744598751e-15,Sul,,,,,,0.4009103960055726,W,2399.6262,2174.2129346006486,True,True,False,False,False,False,False,False,256,False,True,0.5978941644106552,2251.560014,1.0385250996610282,HST,QSO B1544+4855,True
187.7083885781674,1.2559999711736847,1123.0,1795.8264,COS/STIS,2MASS J12305003+0115226,102377.183999,19,"MULTI,11686,7737",,,1004.1702781962229,0.0,0.0,262.4573186727966,,,,0.117,RXJ1230.8+0115,1.0,1.402701173973006,3.3074392880829404e-14,"Muzahid+2018,MNRAS",,,,,,0.117,*,1795.8264,1733.584,True,False,False,False,False,False,False,False,0,False,False,,,,HST,2MASS J12305003+0115226,False
28.87509390701111,-8.951131184431555,25.048999999999996,5700.0,COS/STIS,2MASS J01553002-0857040,26001.856000000003,9,"MULTI,12248,12299",,,162.00690872158847,0.0,1.0,0.09458855615189538,0.1649267928357659,0.165,015530.02-085704.0,0.165,SDSSJ015530.02-085704.0,1.0,0.39363170640356787,1.5525266805736902e-15,DR16,,,,,,0.1649267928357659,W,3300.0,1807.9663824811087,True,False,False,False,False,False,False,False,256,False,True,0.0795592374364186,5259.732185,0.082068402776884,HST,2MASS J01553002-0857040,False
169.7861827531288,21.321687201750766,1123.0,8500.0,COS/FOS/STIS,Ton 1388,131580.2786250715,52,"MULTI,12038,8097,7345,8165,4115,6781",,,313.45634442512926,0.0,1.0,0.1530224168677631,0.1754931152427492,0.176,111908.67+211917.9,0.1765,PG1116+215,1.0,0.24377179095710183,3.6027229517307e-14,Sul,,,,,,0.1754931152427492,W,7000.0,1824.3653148567469,True,True,False,False,False,False,False,False,256,False,True,0.1701347109844507,2733.275804,0.2341454052861734,HST,Ton 1388,True
151.0108793358391,28.926438350377264,1123.0,5700.0,COS/FOS/STIS,Ton 28,145459.82499999998,55,"MULTI,12038,17511,9184,7290,3418,4044",,,571.4757862117937,0.0,1.0,0.1815403117079653,0.3270439904371061,0.3288024365901947,100402.60+285535.3,0.3298,PG1001+291,1.0,0.23513264800553715,1.0605199595631e-14,Sul,,0.3272,,,,0.3270439904371061,W,5700.0,2059.5722731583887,True,True,False,False,False,True,False,False,392,True,True,0.210636014439728,1825.087848,1.060934287429177,HST,Ton 28,True
340.6639180272846,29.725362800006803,1123.0,6871.999999999999,COS/FOS/STIS,UGC 12163,139615.44825507392,116,"MULTI,12212,8265,6766",,,432.0590958394537,0.0,0.0,295.1201577289137,,,,0.0245,UGC12163,1.0,0.47540944160903453,6.722449239084721e-15,Sul,,,,,,0.0245,*,6871.999999999999,1590.024,True,True,False,False,False,False,False,False,0,False,False,,,,HST,UGC 12163,True
173.3657796714257,3.4553275076962855,1134.3399,3066.0,COS/STIS,QSO J1133+0327,28509.184,7,"MULTI,13033,11598,14135",,,529.6894231542865,0.0,1.0,0.008553258127632007,0.5247866998371344,0.524519,113327.78+032719.1,,,0.0,9268.50410770675,,,,,,,,0.5247866998371344,W,3066.0,2366.4689581472326,True,False,False,False,False,False,False,False,256,False,True,0.1925826342845852,3011.315733,0.4530169340463458,HST,QSO J1133+0327,False
192.701266453775,39.86099368745375,1573.0,3301.0,COS/FOS,QSO B1248+401,39885.117724632844,8,"MULTI,12466,5664",,,945.4750652023761,0.0,1.0,0.21748917379264862,1.0359922452657977,1.035237,125048.32+395139.4,,,0.0,22572.65598104199,,,,,,,,1.0359922452657977,W,3301.0,3159.859964652518,True,False,False,False,False,False,False,False,0,False,False,,,,HST,QSO B1248+401,True
162.9644599643367,-0.8549599627958,26.2227,10140.0,COS/FOS/STIS,PG 1049-005,40134.30475,18,"MULTI,13451,12248,15281,7295,2424",,,835.1961163778783,0.0,1.0,0.45869658432612026,0.3600537624415858,0.360058,105151.44-005117.6,0.3591,PG1049-005,1.0,0.4660372806048375,4.6995217878318e-15,Sul,,,,,,0.3600537624415858,W,7000.0,2110.8034393093412,True,True,False,False,False,False,False,False,256,False,True,0.3054633557767162,5441.046429,0.232965728770348,HST,PG 1049-005,True
186.45363506115424,33.54691031062585,1123.0,5610.0,COS/FOS/STIS,NGC4395,55468.97813000001,30,"12212,9362,3507",,,938.2304425136535,0.0,0.0,334.2894325188292,,,,0.0008,NGC4395,1.0,0.8469540902399785,7.563545096480069e-16,Sul,,0.00106,,,,0.0008,*,5610.0,1553.2415999999998,True,True,False,False,False,True,False,False,8,False,False,,,,HST,NGC4395,False
166.6979410540747,72.56860825781753,1123.0,10140.0,COS/FOS/STIS,NGC 3516,269641.07895316614,113,"MULTI,12212,17274,7355,8055,8340,8144,8029,6108",,,17339.257746226394,0.0,0.0,16903.276804452405,,,,0.0088,NGC-3516,1.0,0.2945829642458403,1.17176795844084e-14,Sul,,0.00884,,,,0.0088,*,7000.0,1565.6575999999998,True,True,False,False,False,True,False,False,8,False,False,,,,HST,NGC 3516,True
214.49810305838696,25.136784655189217,1123.0,5610.0,COS/FOS/STIS,NGC 5548,758557.2610500001,1373,"MULTI,13330,14176,12212,17591,13184,16842,7572,9511,9279,4054,3484,4045",,,616.8610601523079,0.0,0.0,378.4784906894747,,,,0.0168,NGC5548,1.0,0.431668851152795,7.657833504206261e-15,Sul,,0.01718,,,,0.0168,*,5610.0,1578.0736,True,True,False,False,False,True,False,False,8,False,False,,,,HST,NGC 5548,True
174.75713170150794,-37.738602903067,1123.0,5610.0,COS/FOS/STIS,NGC 3783,199330.65887500002,88,"MULTI,12212,14481,17273,13115,8144,8606,8029,4210",,,77283.36730312392,0.0,0.0,77283.36730312392,,,,0.0095,NGC3783,1.0,0.3868399040651406,6.9998988821079e-14,Sul,,0.00973,,,,0.0095,*,5610.0,1566.7440000000001,True,True,False,False,False,True,False,False,8,False,False,,,,HST,NGC 3783,True
243.48832708365592,65.7194248218637,1123.0,1796.06,COS/STIS,Mrk 876,110546.06399999998,27,"MULTI,11686,11524,7295,9754",,,7488.695809264438,0.0,0.0,7488.695809264438,,,,0.129,MRK876,1.0,1.032253663790515,2.97963267738081e-14,NED,0.129,0.129,,,,0.129,*,1796.06,1752.208,True,False,True,False,False,True,False,False,9,False,False,,,,HST,Mrk 876,True
233.968200646304,57.9025710508415,1134.3432,3180.0,COS/STIS,Mrk 290,75128.2,20,"MULTI,11524,8144,8150",,,281.21754917698775,0.0,0.0,174.04386534470189,,,,0.0302,MRK290,1.0,0.46123736909749313,1.33093237737549e-14,https://arxiv.org/pdf/1710.10703.pdf,,0.02958,,,,0.0302,*,3180.0,1598.8704,True,False,False,False,False,True,False,False,8,False,False,,,,HST,Mrk 290,True
343.5243647915521,-17.581998251682855,1134.4538,3301.0,COS/FOS/STIS,MR 2251-178,39750.398871095,28,"MULTI,12029,16465,7345,6484",,,25616.679242116577,0.0,0.0,25265.794115755158,,,,0.0638,MR2251-178,1.0,2.179935365280709,2.7845190361364102e-14,Sul,,,,,,0.0638,*,3301.0,1651.0176000000001,True,True,False,False,False,False,False,False,0,False,False,,,,HST,MR 2251-178,True
208.26428994493818,69.30820607069046,1123.0,10270.0,COS/STIS,Mrk 279,188279.64979599998,256,"MULTI,12212,16705,16433,9275,9688",,,7700.526019303264,0.0,0.0,7583.4376246181255,,,,0.030451,MRK-279,1.0,0.369464804472194,3.782235157062051e-15,NED,,0.0305,,,,0.030451,*,3300.0,1599.259952,True,False,False,True,False,True,False,False,10,False,False,,,,HST,Mrk 279,True
219.09201822796098,58.79427542127868,938.9666,10270.0,COS/STIS,Mrk 817,388644.315125,667,"MULTI,11505,11524,16196,17105,17463,9128",,,606.4321808186303,0.0,0.0,104.98050348465911,,,,0.031328,MRK817,1.0,0.09479047763224825,5.5186101720581805e-14,NED,,0.0315,,,,0.031328,*,3300.0,1600.621056,True,False,False,True,False,True,False,False,10,False,False,,,,HST,Mrk 817,True
197.4459103597678,8.330104777047389,1111.612,10140.0,COS/FOS/STIS,LEDA 45656,23462.824338190734,18,"MULTI,12569,15890,9128,15281,4953",,,155.15610106402684,0.0,1.0,0.2984172162029695,0.1544022990126218,0.1543,130947.00+081948.2,0.1546,PG1307+085,1.0,0.2908304182344572,9.83204687734486e-15,Sul,0.155,0.155,,,,0.1544022990126218,W,7000.0,1791.6323680675891,True,True,True,False,False,True,False,False,265,False,True,0.2852394485384996,3901.785235,0.0,HST,LEDA 45656,True
196.38749069406248,-10.555508198113124,1123.0,3301.0,COS/FOS/STIS,ICRF J130533.0-103319,96126.84603044373,32,"MULTI,12038,8306,5664,3791,3222",,,16462.477025876644,0.0,0.0,16462.477025876644,,,,0.2783,PG1302-102,1.0,0.47602251154018776,1.9265893917254105e-14,Sul,,,,,,0.2783,*,3301.0,1983.9216,True,True,False,False,False,False,False,False,0,False,False,,,,HST,ICRF J130533.0-103319,True
184.8373293140084,6.644019621810489,1111.7929,3301.0,COS/FOS/STIS,PG 1216+069,192957.14162490462,53,"MULTI,15890,12025,9184,3791,5947,4112",,,101.86990029467927,0.0,0.0,55.86898827174123,,,,0.3322,PG1216+069,1.0,0.4028426339970481,8.60817456649007e-15,Sul,,,,,,0.3322,*,3301.0,2067.5744,True,True,False,False,False,False,False,False,0,False,False,,,,HST,PG 1216+069,True
187.27795533572484,2.052239760382232,1134.3182,10266.000000000002,COS/FOS/STIS,3C 273,56169.12399999999,56,"MULTI,12038,8144,3088,1029",,,513.1659796750062,0.0,0.0,427.9738729841985,,,,0.1583,3C273,1.0,0.6362467342251752,1.22798403986844e-13,Sul,0.158,0.15834,,,,0.1583,*,7000.0,1797.6816000000001,True,True,True,False,False,True,False,False,9,False,False,,,,HST,3C 273,True
49.95064283973286,41.51173957403429,1130.346,6867.0,COS/FOS,3C 84,51229.75612499999,7,"MULTI,17536,3550",,,682.1105476639183,0.0,0.0,682.1105476639183,,,,0.0175,NGC1275,1.0,0.17219760977391124,9.84649379949897e-16,Sul,,,,,,0.0175,*,6867.0,1579.16,True,True,False,False,False,False,False,False,0,False,False,,,,HST,3C 84,True
3.100071291176556,-10.373986148138888,25.2038,5700.0,COS/STIS,2MASX J00122399-1022269,25743.776,9,"MULTI,12248,12299",,,391.6919388430424,0.0,1.0,0.16863713778536335,0.2287656532346176,0.228,001224.01-102226.5,0.228,SDSSJ001224.01-102226.5,1.0,0.1132338819451146,1.03191015344687e-15,DR16,,,,,,0.2287656532346176,W,3300.0,1907.0442938201265,True,False,False,False,False,False,False,False,256,False,True,0.1665977435221042,3931.028247,0.2613583687839225,HST,2MASX J00122399-1022269,False
216.89843355977874,26.537356837252606,1112.0064,6871.999999999999,COS/FOS/STIS,Ton 202,68628.77452723372,23,"MULTI,17076,14729,15890,12603,9871,6781",,,847.0258539099527,0.0,1.0,0.24778515405392462,0.363731051231133,0.363816,142735.60+263214.5,0.3634,B21425+26,1.0,0.35769854937591267,2.8063108910144407e-15,Sul,,,,,,0.363731051231133,W,6871.999999999999,2116.5105915107183,True,True,False,False,False,False,False,False,256,False,True,0.2128714690719549,8598.666468,0.0040450999805299,HST,Ton 202,True
198.07393843687666,35.25579274229416,1130.3847,4822.0,COS/FOS,Ton 1565,17442.87191430092,12,"MULTI,13451,12569,6781",,,555.2743426723663,0.0,1.0,0.21064275040993685,0.1829260552701501,0.1829,131217.75+351521.0,0.1821,J13122+3515,1.0,0.25298200662484077,5.917948727866261e-15,Sul,0.184,,,,,0.1829260552701501,W,4822.0,1835.901237779273,True,True,True,False,False,False,False,False,257,False,True,0.2118343676374872,5447.196836,0.2255424395727937,HST,Ton 1565,True
231.29420292335502,0.4426242827997,1568.0,3184.0,COS/STIS,QSO J1525+0026,43422.376,4,"MULTI,12536,9382",,,593.8199094788473,0.0,1.0,0.1910734288918597,0.8031388423475001,0.803,152510.61+002633.6,,,0.0,11884.399562547942,,,,,,,,0.8031388423475001,W,3184.0,2798.47148332332,True,False,False,False,False,False,False,False,256,False,True,0.2240350317379443,3041.16312,1.1665514502113312,HST,QSO J1525+0026,False
170.60061575343,3.3007263410156,1150.0,3066.0,COS/STIS,QSO J1122+0318,19921.92,5,"MULTI,12603,14135",,,205.37346995076064,0.0,1.0,0.10284496818105,0.4751962607956035,0.475282,112224.15+031802.6,,,0.0,17881.22800618585,,,,,,,,0.4751962607956035,W,3066.0,2289.5045967547767,True,False,False,False,False,False,False,False,256,False,True,0.0900831733211983,3519.282326,1.271713883084698,HST,QSO J1122+0318,False
144.224420801936,53.524126332798005,25.834900000000005,5700.0,COS/STIS,QSO J0936+5331,9543.968,5,12299,,,396.289831028833,0.0,1.0,0.13741366517722126,0.2276375633570726,0.2275806069374084,093653.84+533126.8,0.227580606937408,NEWQZ027,1.0,0.9055523676669686,9.75836478688498e-16,DR16,,,,,,0.2276375633570726,W,3300.0,1905.2934983301768,True,False,False,False,False,False,False,False,0,False,False,,,,HST,QSO J0936+5331,False
70.3220939345038,-43.2288746396755,1131.5928,3301.0,COS/FOS/STIS,QSO J0441-4313,42809.60182365471,11,"MULTI,12536,9382,4581",,,131893.99008913827,0.0,0.0,130766.98339557648,,,,0.5938,J04412-4313,1.0,1.4637828158136885,2.3019101956074907e-15,Sul,,,,,,0.5938,*,3301.0,2473.5775999999996,True,True,False,False,False,False,False,False,0,False,False,,,,HST,QSO J0441-4313,False
13.395748037551959,12.693398680607391,1131.4092,3301.0,COS/FOS/STIS,Mrk 1502,92240.68806647495,46,"MULTI,12569,13811,9128,5486,4057,3879",,,166.88651341249596,0.0,0.0,166.88651341249596,,,,0.0605,J00535+1241,1.0,0.7008754681585685,1.29393055608305e-14,Sul,,,,,,0.0605,*,3301.0,1645.896,True,True,False,False,False,False,False,False,0,False,False,,,,HST,Mrk 1502,True
194.05909392475172,56.873594644148916,23.795699999999997,3301.0,COS/FOS/STIS,Mrk 231,83795.14993797684,32,"MULTI,12569,13460,3270,6799",,,129.6127849262431,0.0,0.0,129.61278492619556,,,,0.04147,MRK-231,1.0,0.3876008490077636,1.47948718107139e-15,,,,,,,0.04147,*,3301.0,1616.36144,True,False,False,False,False,False,False,False,0,False,False,,,,HST,Mrk 231,True
29.959400209536152,0.3947376342036308,1150.0,10140.0,COS/STIS,Mrk 1014,20315.128,13,"MULTI,12569,15281",,,371.6998513607386,0.0,1.0,0.17171523704733013,0.1627878673997119,0.1628080308437347,015950.25+002340.8,,,0.0,6291.144530491175,,,,,,,,0.1627878673997119,W,3300.0,1804.6467702043528,True,False,False,False,False,False,False,False,256,False,True,0.2600143531953939,2568.996072,0.5664927748456837,HST,Mrk 1014,True
219.5673072282671,-6.972413607425858,1112.7452,3184.0,COS/STIS,LEDA 52314,15733.784,7,"MULTI,12569,15890,9507",,,14320.173059524675,0.0,0.0,14125.811119849017,,,,0.126,QSO-B1435-0645,1.0,1.0980835848603054,1.23009852631558e-14,https://arxiv.org/pdf/1507.06317.pdf,,,,,,0.126,*,3184.0,1747.552,True,False,False,False,False,False,False,False,0,False,False,,,,HST,LEDA 52314,True
213.45132261599636,44.00379736218727,939.749,3301.0,COS/FOS,LEDA 50824,49521.177500000005,22,"MULTI,14460,14885,13451,12569,4118",,,597.6633958312622,0.0,0.0,145.9905941142779,,,,0.089,QSO-B1411+4414,1.0,0.9134659516842735,1.55765511760289e-14,http://quasar.square7.ch/fqm/1411+442.html,0.089,0.0896,,,,0.089,*,3301.0,1690.128,True,False,True,False,False,True,False,False,9,False,False,,,,HST,LEDA 50824,True
7.307133382664252,13.267740400263497,1131.4788,10140.0,COS/FOS/STIS,LEDA 1790,25056.698539950143,20,"MULTI,12569,15281,5682,5451",,,997.8309731879217,0.0,0.0,300.022537623059,,,,0.1451,PG0026+129,1.0,0.14747188965214472,1.16651147387527e-14,Sul,0.142,0.142,,,,0.1451,*,7000.0,1777.1952,True,True,True,False,False,True,False,False,9,False,False,,,,HST,LEDA 1790,True
74.03712323264924,-21.985928203166154,1140.0,8950.0,COS/FOS/STIS,Q0454-2203,89229.1945,26,"MULTI,12252,12536,13398,12466,7475,1026",,,55698.248837863495,0.0,0.0,55047.95519714038,,,,0.5346,J04561-2159,1.0,0.31730377316081965,4.464002548448e-15,Sul,,,,,,0.5346,*,7000.0,2381.6992,True,True,False,False,False,False,False,False,0,False,False,,,,HST,J04561-2159,False
324.43840803342925,-14.548867768030714,1065.1045,3184.0,COS/FOS,ICRF J213745.1-143255,54797.129563,14,"MULTI,13398,1191",,,21373.625523538678,0.0,0.0,20395.140727480506,,,,0.2004,J21377-1432,1.0,0.7149487180201983,4.06893230146928e-15,Sul,,,,,,0.2004,*,3184.0,1863.0207999999998,True,True,False,False,False,False,False,False,0,False,False,,,,HST,ICRF J213745.1-143255,True
206.57313115285797,62.345937826338,24.9687,5700.0,COS/STIS,6C 134441+623604,9845.024000000001,5,12299,,,273.9851034894701,0.0,1.0,0.14241459792073333,0.1164308027393893,0.11674,134617.54+622045.5,0.11674,NEWQZ003,1.0,0.2580038949474871,1.17629747479447e-16,DR16,,,,,,0.1164308027393893,W,3300.0,1732.7006058515321,True,False,False,False,False,False,False,False,256,False,True,0.1206332651585557,7636.202736,0.2455445698392885,HST,6C 134441+623604,False
151.85876013779642,12.815591375577856,1131.716,3216.8539000000005,COS/STIS,4C 13.41,25059.464001,14,"MULTI,13516,12569,8316,9432",,,374.8143505596366,0.0,1.0,0.08753668618055435,0.2404609320966504,0.240613,100726.10+124856.2,,,0.0,20102.30993923337,,,,,,,,0.2404609320966504,W,3216.8539000000005,1925.1953666140014,True,False,False,False,False,False,False,False,256,False,True,0.0920491906521438,7649.372012,0.3389274691358024,HST,4C 13.41,True
196.39368892560395,18.32580607406,25.7566,5700.0,COS/STIS,2MASX J13053451+1819328,8515.936,5,12299,,,246.8093886579727,0.0,1.0,0.07639008434479962,0.1178946587914367,0.118,130534.49+181932.8,0.118,NEWQZ004,1.0,1.0632974479765158,2.21559090766282e-15,DR16,,,,,,0.1178946587914367,W,3300.0,1734.9725104443098,True,False,False,False,False,False,False,False,256,False,True,0.1071307076678373,5132.592135,0.2104007110559416,HST,2MASX J13053451+1819328,False
208.3159953467367,63.76264732943834,1140.0,3301.0,COS/FOS/STIS,PG1351+640,34642.530350999994,18,"MULTI,13451,12569,7345,9128,8144,2717",,,410.1616613381657,0.0,0.0,410.16166133820116,,,,0.0882,PG1351+640,1.0,0.1713635995774289,,Sul,0.087,,,,,0.0882,*,3301.0,1688.8864,True,True,True,False,False,False,False,False,1,False,False,,,,HST,PG1351+640,True
339.032025947545,13.732050127035,1169.752,3184.0,COS/STIS,2MASS J22360767+1343554,3904.064,2,"MULTI,9507",,,372.4219325721457,0.0,1.0,0.09845105482686627,0.3264161497257916,0.326479,223607.68+134355.3,,,0.0,17588.684228256916,,,,,,,,0.3264161497257916,W,3184.0,2058.5978643744284,True,False,False,False,False,False,False,False,384,True,True,0.057390883606756,1663.090842,0.5837009183599681,HST,2MASS J22360767+1343554,False
258.70216290827,33.460627888009995,25.7533,5700.0,COS/STIS,2MASS J17144850+3327383,8679.872,5,12299,,,642.3756205319957,0.0,1.0,0.19949862538747065,0.1804647950383507,0.1812,171448.50+332738.3,0.1812,NEWQZ013,1.0,0.4994655708385199,6.4771871635065e-16,DR16,,,,,,0.1804647950383507,W,3300.0,1832.0813618995203,True,False,False,False,False,False,False,False,256,False,True,0.1313874607564293,4684.52753,0.0568763965880842,HST,2MASS J17144850+3327383,False
192.92620794865397,24.076455627564002,24.0296,5700.0,COS/STIS,2MASS J12514225+2404355,8743.936,5,12299,,,358.6192111260283,0.0,1.0,0.1691994407533807,0.188207138877108,0.1885,125142.27+240435.2,0.1885,NEWQZ015,1.0,0.7019056237062666,1.63313252564039e-15,DR16,,,,,,0.188207138877108,W,3300.0,1844.0974795372717,True,False,False,False,False,False,False,False,256,False,True,0.1502333527946729,6785.022069,0.0,HST,2MASS J12514225+2404355,False
146.516441752104,1.6565910728888,25.3645,5700.0,COS/STIS,2MASS J09460395+0139235,8591.743999999999,5,12299,,,717.1768830875242,0.0,1.0,0.061521958736993974,0.2196892987832372,0.219925,094603.94+013923.6,,,0.0,20822.577787301747,,,,,,,,0.2196892987832372,W,3300.0,1892.9577917115844,True,False,False,False,False,False,False,False,256,False,True,0.0393670807813067,2288.923687,0.2473671953675729,HST,2MASS J09460395+0139235,False
262.0824950518507,-14.265548312403011,23.6393,3184.0,COS/STIS,QSO B1725-142,66731.26847816401,15,"MULTI,15309,13296,14477,8264",,,68456.13676762824,0.0,0.0,65048.67235621906,,,,0.185,PDS456,1.0,1.7372251661573472,4.831059588560021e-15,https://arxiv.org/pdf/1710.10703.pdf,,,,,,0.185,*,3184.0,1839.1200000000001,True,False,False,False,False,False,False,False,0,False,False,,,,HST,QSO B1725-142,False
318.7191215179038,6.128526807337077,1131.2598999999998,3301.0,COS/FOS/STIS,2MASS J21145258+0607423,23503.491313207756,13,"MULTI,13948,9277,5948,4112",,,502.3517144578311,0.0,0.0,282.5798104903498,,,,0.4608,J21148+0607,1.0,0.36775597383127484,4.37573417500196e-15,Sul,,,,,,0.4608,*,3301.0,2267.1616,True,True,False,False,False,False,False,False,0,False,False,,,,HST,2MASS J21145258+0607423,True
239.6574045198725,8.229384734020249,1065.023,3066.0,COS/STIS,2MASS J15583777+0813455,20415.384,4,"MULTI,13862,14135",,,276.6842622547715,0.0,1.0,0.030246236355174035,0.5171013912709157,0.517008,155837.77+081345.8,,,0.0,17522.26602618328,,,,,,,,0.5171013912709157,W,3066.0,2354.541359252461,True,False,False,False,False,False,False,False,256,False,True,0.0357587934531494,2444.290683,0.4237157206697544,HST,2MASS J15583777+0813455,False
132.8172663829975,42.7246854788775,1150.0,3066.0,COS/STIS,US 1786,39146.72,4,"MULTI,13774,14135",,,280.1570195389673,0.0,1.0,0.034975119706784165,0.481937232999726,0.482549101114273,085116.14+424328.8,,,0.0,4212.389635192098,,,,,,,,0.481937232999726,W,3066.0,2299.966585615575,True,False,False,False,False,False,False,False,256,False,True,0.029116755001539,4469.997685,1.1879700353451876,HST,US 1786,False
183.57362277416271,14.05346143890125,38.1418,8950.0,COS/FOS/STIS,PB 3894,142706.38616249798,48,"MULTI,13947,8571,17511,7345,1026,5947",,,553.1381485442205,0.0,0.0,129.54835530334807,,,,0.0811,PG1211+143,1.0,0.6924726892896232,2.09677770464586e-14,Sul,0.085,0.0809,,,,0.0811,*,7000.0,1677.8672,True,True,True,False,False,True,False,False,9,False,False,,,,HST,PB 3894,True
13.717216076892221,25.427505936606668,1112.0967,10140.0,COS/FOS/STIS,LEDA 3237,29462.52400019073,18,"MULTI,14268,15890,15281,9128,8144,4396",,,163.8336469520188,0.0,0.0,66.70742573909135,,,,0.1543,PG0052+251,1.0,0.08050091762519951,1.31651693418399e-14,Sul,0.155,0.15445,,,,0.1543,*,7000.0,1791.4736000000003,True,True,True,False,False,True,False,False,9,False,False,,,,HST,LEDA 3237,True
201.3302147545514,-38.414978942344995,1130.3937,3184.0,COS/STIS,LEDA 88835,35019.912299999996,14,"MULTI,15313,7360",,,110058.10823120571,0.0,0.0,110058.10823120571,,,,0.0667,J13253-3824,1.0,2.05927216311568,5.71992007591431e-15,Sul,,,,,,0.0667,*,3184.0,1655.5184,True,True,False,False,False,False,False,False,0,False,False,,,,HST,LEDA 88835,True
141.30364225960298,52.28630846025301,1065.2914,10270.0,COS/STIS,Mrk 110,16703.832,30,"MULTI,15669,15413,7295",,,242.14525193302825,0.0,0.0,186.9956895056624,,,,,,0.0,5171.816209165863,,,,0.03529,,,,0.03529,B,3300.0,1606.77008,True,False,False,False,False,True,False,False,8,False,False,,,,HST,Mrk 110,False
222.78628787231114,27.157503093678887,1134.3472,3184.0,COS/STIS,2MASX J14510879+2709272,19834.84,9,"MULTI,12248,17511",,,616.8412216775089,0.0,1.0,0.7081501697711956,0.0648217705016947,0.0645,145108.76+270926.9,0.065,SDSSJ145108.76+270926.9,1.0,0.9221564202154835,4.137780365265841e-15,https://arxiv.org/pdf/1507.06317.pdf,,,,,,0.0648217705016947,W,3184.0,1652.6033878186302,True,False,False,False,False,False,False,False,384,True,True,0.7171882439026931,1104.981456,0.9269317670686932,HST,2MASX J14510879+2709272,True
220.53112361591857,35.43968441189317,1140.0,8500.0,COS/FOS/STIS,Mrk 478,29769.518604387285,22,"MULTI,12569,17511,7345,9128,6781,4953",,,764.6492518360061,0.0,0.0,137.70054012966895,,,,0.0771,Mrk0478,1.0,0.2512136743250722,3.4928821575284704e-14,Sul,,,,,,0.0771,*,7000.0,1671.6591999999998,True,True,False,False,False,False,False,False,0,False,False,,,,HST,Mrk 478,True
152.50288426983784,30.056068389530715,454.5857,5700.0,COS/STIS,Ton 488,55531.104,14,"MULTI,12025,17511",,,263.52445804764983,0.0,1.0,0.3482404242516703,0.2562046014752111,0.256429,101000.68+300321.5,0.256429,FBQSJ1010+3003,1.0,0.37813650745979926,,DR16,,0.25643,,,,0.2562046014752111,W,3300.0,1949.6295414895276,True,False,False,False,False,True,False,False,392,True,True,0.2715284577811168,2190.253972,1.6689799921951631,HST,Ton 488,False
120.25588664441715,18.811360984609998,31.7176,5700.0,COS/STIS,2MASS J08010140+1848409,10572.968,7,"MULTI,17433,17511",,,1016.371643465608,0.0,1.0,0.14320383788444235,0.1402260052859415,0.139838,080101.41+184840.7,,,0.0,39867.192451026975,,,,,,,,0.1402260052859415,W,3300.0,1769.6307602037812,True,False,False,False,True,False,False,False,388,True,True,0.1300482911650729,1697.14576,0.9372232114322238,HST,2MASS J08010140+1848409,False
178.82617712832857,19.661785035902852,1150.0,3200.0,COS/STIS,CLASS-B1152+199-ABS01,15494.680000000002,7,"13283,17146",,,1082.62524455485,0.0,1.0,0.25438207074463265,1.0188217611798192,1.019,115518.29+193942.2,,,0.0,6287.949414272413,,,,,,,,1.0188217611798192,W,3200.0,3133.211373351079,True,False,False,False,False,False,False,False,256,False,True,0.2604522832124294,8205.236115,0.0,HST,CLASS-B1152+199-ABS01,False
1.429375,-50.11513888889001,1150.0,1775.0,COS,RXS-J00057-5007,17049.088,3,12936,,,120230.4032640069,0.0,0.0,120230.4032640069,,,,0.0333,RXS-J00057-5007,1.0,0.14047501293066755,9.42691186246814e-15,https://arxiv.org/pdf/1710.10703.pdf,,,,,,0.0333,*,1775.0,1603.6816000000001,True,False,False,False,False,False,False,False,0,False,False,,,,HST,RXS-J00057-5007,False
122.74414121208812,76.04497032033126,1140.0,3190.0,COS/STIS,2MASS J08105865+7602424,51810.444875,16,"11686,MULTI,7345,7295,9128",,,22703.176760243976,0.0,0.0,21493.243924519793,,,,0.1,PG0804+761,1.0,0.28127683171019496,6.45959981453977e-14,NED,0.1,0.1,,,,0.1,*,3190.0,1707.2,True,False,True,False,False,True,False,False,9,False,False,,,,HST,2MASS J08105865+7602424,True
188.01505911167,20.158198919188,1140.0,1740.0,COS/STIS,Mrk 771,27969.032,10,"12569,MULTI,7295,7345",,,467.677553895934,0.0,0.0,341.46793967248806,,,,,,0.0,21611.332104397698,,,0.064,0.06301,,,,0.064,K,1740.0,1651.328,True,False,True,False,False,True,False,False,9,False,False,,,,HST,Mrk 771,True
195.30385810631464,59.035227994582506,1123.0,3301.0,COS/FOS/STIS,PG1259+593,141842.19571899998,68,"11541,7295,8144,8695,3418,2424",,,360.90058506005363,0.0,1.0,0.16861083351259512,0.4761056550203191,0.477549,130112.91+590206.6,0.4776,SBS1259+593,1.0,0.15575637993588923,8.49711944948238e-15,Sul,,,,,,0.4761056550203191,W,3301.0,2290.915976591535,True,True,False,False,False,False,False,False,256,False,True,0.0730668358605166,2720.55005,1.5770499904170987,HST,PG1259+593,True
275.4880216911309,64.34349779948398,1123.0,3301.0,COS/FOS/STIS,H1821+643,122558.989313,68,"12038,8165,8182,3221,6155,1025",,,15277.97494149832,0.0,0.0,9953.71669395019,,,,0.2972,J18219+6420,1.0,0.8104242100553969,3.11325593508513e-14,Sul,,,,,,0.2972,*,3301.0,2013.2544000000003,True,True,False,False,False,False,False,False,0,False,False,,,,HST,H1821+643,True
149.2182622276391,41.25624040193826,1123.0,10140.0,COS/FOS/STIS,PG0953+415,91721.14379999999,46,"12038,15890,15281,7747,9158,8144,8695,3220,1018",,,388.46826725750003,0.0,0.0,83.78593714946341,,,,0.2347,PG0953+414,1.0,0.30644365658499656,1.3218250044419e-14,Sul,0.239,0.2341,,,,0.2347,*,7000.0,1916.2543999999998,True,True,True,False,False,True,False,False,9,False,False,,,,HST,PG0953+415,False
345.8151541160919,8.873775247024179,1123.0,10270.0,COS/FOS/STIS,NGC-7469,125282.18734226092,111,"14242,14054,12212,9128,17523,9802,9095,6747,6721",,,964.5359265736487,0.0,0.0,389.9227766139067,,,,0.016268,NGC-7469,1.0,0.5831424385126341,2.73636736502969e-14,NED,,0.01632,,,,0.016268,*,7000.0,1577.247936,True,True,False,False,False,True,False,False,8,False,False,,,,HST,NGC-7469,True
180.7901174999875,44.53131086805375,1123.0,5610.0,COS/STIS,NGC-4051,41756.04000000001,16,"11834,14479,17896,8253,8321",,,1417.5239168037824,0.0,0.0,292.1588108100892,,,,0.002336,NGC-4051,1.0,0.30407049648484824,9.635043837591192e-15,NED,,0.00234,,,,0.002336,*,3300.0,1555.625472,True,False,False,False,False,True,False,False,8,False,False,,,,HST,NGC-4051,True
117.71552347451251,24.9026121249,1568.0,5700.0,STIS,2MASS J07505172+2454095,7535.041276,8,17511,,,362.27229944983884,0.0,1.0,0.07889706680850941,0.4002136667185859,0.400397,075051.72+245409.3,,,0.0,21530.536841084082,,,,,,,,0.4002136667185859,W,3200.0,2173.1316107472453,True,False,False,False,False,True,False,False,392,True,True,0.0185290996127233,1712.252024,1.171102085927653,HST,2MASS J07505172+2454095,False
214.27782006000598,51.727793354902,1568.0,3184.0,STIS,RM694,8372.79825,5,16171,,,354.4971325241398,0.0,1.0,0.010945132171913051,0.5324341333055009,0.532,141706.67+514340.0,,,0.0,15953.125661978345,,,,,,,,0.5324341333055009,W,3184.0,2378.3377748901376,True,False,False,False,False,False,True,False,400,True,True,0.0059238641083522,1634.920805,0.9151633850220098,HST,RM694,False
183.78840411804,33.16534624120333,1140.0,3301.0,FOS/STIS,Ton 1480,9718.815810203678,3,"7291,6547",,,382.36713687859384,0.0,1.0,0.12323727363593567,0.6158108315502357,0.6159202456474304,121509.22+330955.1,,,0.0,8131.406413801365,,,,,,,,0.6158108315502357,W,3301.0,2507.7384105659658,True,False,False,False,False,False,False,False,256,False,True,0.132438298246525,4632.260951,0.1351724990835089,HST,Ton 1480,False
166.63229465796667,-0.8814639097344333,1140.0,3301.0,FOS/STIS,QSO B1103-006,4189.818125,6,"7295,3858",,,177.243386539593,0.0,1.0,0.9535326989598607,0.4269242330231856,0.424,110631.77-005252.3,,,0.0,13203.483844910064,,,,,,,,0.4269242330231856,W,3301.0,2214.586409651984,True,False,False,False,False,False,False,False,0,False,False,,,,HST,QSO B1103-006,True
217.27698703882555,1.2848331792362222,1123.0,1740.0,STIS,Mrk 1383,45845.0,9,"9778,7345",,,777.3072820715709,0.0,0.0,287.6577284642439,,,,,,0.0,30843.482883174984,,,0.086,0.08657,,,,0.086,K,1740.0,1685.4720000000002,True,False,True,False,False,True,False,False,9,False,False,,,,HST,Mrk 1383,True
107.17281889393222,-49.551996992574445,1140.0,3184.0,STIS,LEDA 88588,15144.0,9,7360,,,170638.1797093196,0.0,0.0,160677.74296946652,,,,0.0408,J07086-4933,1.0,0.7771812700028005,1.22497378701229e-14,Sul,,,,,,0.0408,*,3184.0,1615.3216,True,True,False,False,False,False,False,False,0,False,False,,,,HST,LEDA 88588,False
189.5841594491775,17.844156502855,1568.0,3184.0,STIS,LBQS 1235+1807,13726.0,4,7359,,,484.88998279811364,0.0,1.0,0.1899458016493953,0.4534610520264962,0.453,123820.19+175039.1,,,0.0,23367.29946140073,,,,,,,,0.4534610520264962,W,3184.0,2255.7715527451223,True,False,False,False,False,False,False,False,256,False,True,0.2199858858175382,3416.095252,1.491293703035386,HST,LBQS 1235+1807,False
5.520379155394999,-1.479992130107,1568.0,3184.0,STIS,LBQS 0019-0145B,4200.0,2,8126,,,124.34866601835407,0.0,1.0,0.13266141479836743,1.0427269687724074,1.0418715476989746,002204.88-012847.8,,,0.0,14192.64877874755,,,,,,,,1.0427269687724074,W,3184.0,3170.312255534776,True,False,False,False,False,False,False,False,0,False,False,,,,HST,LBQS 0019-0145B,False
205.55520070137004,60.36190671775833,1140.0,3301.0,FOS/STIS,3C 288.1,36819.8814,12,"7356,3858",,,377.7703531286552,0.0,1.0,0.16703570334993517,0.9628518226516242,0.96296,134213.26+602142.9,,,0.0,7354.966725412269,,,,,,,,0.9628518226516242,W,3301.0,3046.3460287553207,True,False,False,False,False,False,False,False,0,False,False,,,,HST,3C 288.1,False
202.78456171157998,30.509129763692137,1140.0,3301.0,FOS/STIS,3C 286,35394.05604098211,14,"MULTI,9280,7475,5351,1193",,,109.0384646401115,0.0,1.0,0.03575957976030887,0.8495430998896137,0.85,133108.29+303032.9,,,0.0,8135.157025720382,,,,,,,,0.8495430998896137,W,3301.0,2870.4908910286804,True,False,False,False,False,False,False,False,256,False,True,0.0620781060849759,2086.514145,0.7026916035511862,HST,3C 286,False
24.40960872431,-24.514978393657998,1568.0,3184.0,STIS,ICRF J013738.3-243053,10074.0,5,8225,,,50004.12561866134,0.0,0.0,49680.31431253924,,,,0.835,J01376-2430,1.0,0.8007290453369712,1.3412900143368501e-15,Sul,,,,,,0.835,*,3184.0,2847.92,True,True,False,False,False,False,False,False,0,False,False,,,,HST,ICRF J013738.3-243053,False
280.5365675672732,79.77129040110124,1140.0,10266.000000000002,FOS/STIS,3C390.3,15487.747558594,10,"8700,6097",,,22591.50269907552,0.0,0.0,1523.4943780343071,,,,0.0555,3C390,1.0,0.7462749848552908,3.96389570608438e-15,Sul,,0.0561,,,,0.0555,*,7000.0,1638.1360000000002,True,True,False,False,False,True,False,False,8,False,False,,,,HST,3C390.3,True
278.76418670262,32.696229995085,1640.0,10266.000000000002,STIS,ICRF J183503.3+324146,8693.0,2,"MULTI,9128",,,27732.697049807823,0.0,0.0,27718.110916767568,,,,,,0.0,60486.89582227608,,,,0.05787,,,,0.05787,B,3200.0,1641.8142400000002,True,False,False,False,False,True,False,False,8,False,False,,,,HST,ICRF J183503.3+324146,True
256.1728944527402,60.741369071924126,1123.0,3301.0,FOS/STIS,3C351,159604.94256299996,46,"8015,8681,3418,2424",,,1182.8542076968697,0.0,1.0,1.7758146424149275,0.3719797196745716,0.372162,170441.38+604430.5,0.372,SBS1704+608,1.0,1.8467268944757962,7.023348606154541e-15,Sul,0.371,,,,,0.3719797196745716,W,3301.0,2129.312524934935,True,True,True,False,False,False,False,False,257,False,True,1.8343729256521573,10852.477661,0.414301940280294,HST,3C351,True
184.61048029773002,29.812885085304003,1140.0,5610.0,STIS,NGC 4253,16890.0,5,"MULTI,11611,8481",,,370.58028363287355,0.0,0.0,368.2915636146926,,,,0.0124,NGC4253,1.0,0.47062039065020095,2.34167944367405e-16,Sul,,0.01293,,,,0.0124,*,3200.0,1571.2448,True,True,False,False,False,True,False,False,8,False,False,,,,HST,NGC 4253,False
169.7404230619622,58.05663084793357,1140.0,5700.0,STIS,Z 291-51,56638.0,14,"MULTI,8316,12922",,,103.34087095379745,0.0,0.0,103.34087095379745,,,,,,0.0,17024.611192533364,,,,0.02787,,,,0.02787,B,3200.0,1595.2542400000002,True,False,False,False,False,True,False,False,8,False,False,,,,HST,Z 291-51,False
189.91437618022482,-5.3441720046465555,1123.0,10270.0,STIS,NGC 4593,95056.0,83,"MULTI,14121,8481",,,7179.209038688453,0.0,0.0,6910.972023281134,,,,,,0.0,15608.571976653599,,,,0.009,,,,0.009,B,3200.0,1565.9679999999998,True,False,False,True,False,True,False,False,10,False,False,,,,HST,NGC 4593,True
185.43374242208,75.3105811512811,1140.0,3301.0,FOS/STIS,Mrk 205,57978.599744,9,"8625,4952,1022",,,23831.284140145788,0.0,0.0,23705.2692148227,,,,0.0711,Mrk205,1.0,0.5093211125004151,1.55737336054881e-14,Sul,,,,,,0.0711,*,3301.0,1662.3472,True,True,False,False,False,False,False,False,0,False,False,,,,HST,Mrk 205,True
255.35372770067386,51.82226586409615,1140.0,3301.0,FOS/STIS,PG1700+518,19112.929319000003,13,"8681,3222,3791",,,4653.297911337406,0.0,0.0,4521.593469754877,,,,,,0.0,21961.941946127423,,,0.292,0.292,,,,0.292,K,3301.0,2005.184,True,False,True,False,False,True,False,False,9,False,False,,,,HST,PG1700+518,True
170.37399829414602,12.604724579262001,1568.0,4822.0,FOS/STIS,MC1118+12,4337.16837883001,5,"8681,5441",,,121.99228386385887,0.0,1.0,0.43795478929565634,0.6830295641090576,0.683063,112129.76+123617.4,,,0.0,18635.926800667854,,,,,,,,0.6830295641090576,W,4822.0,2612.0618834972574,True,False,False,False,False,False,False,False,256,False,True,0.4332781999102543,5130.35705,0.2368494203443596,HST,MC1118+12,False
150.07360979803502,0.08975888923499994,1568.0,3184.0,STIS,4C 00.34,4708.0,2,8569,,,1365.9748075934608,0.0,1.0,0.5871266805012754,0.905131257489342,0.905086,100017.67+000523.6,,,0.0,18811.317873047647,,,,,,,,0.905131257489342,W,3184.0,2956.7637116234587,True,False,False,False,False,False,False,False,0,False,False,,,,HST,4C 00.34,False
343.54337639285814,11.610817799577738,1140.0,4822.0,FOS/STIS,4C 11.72,57235.285449999996,31,"MULTI,9871,3791,2578,6612,2424",,,176.8668116327193,0.0,0.0,176.8668116327193,,,,0.3256,J22541+1136,1.0,0.39793421504630777,4.2773973169752305e-15,Sul,,,,,,0.3256,*,4822.0,2057.3312,True,True,False,False,False,False,False,False,0,False,False,,,,HST,4C 11.72,True
244.42709856770924,32.375743359309226,1140.0,10266.000000000002,FOS/STIS,3C 332.0,42422.84252929601,13,"8684,6097",,,658.682398431646,0.0,1.0,1.781233262868898,0.1509745000065142,5.190181255340576,161742.53+322234.4,,,0.0,16853.019825257143,,,,,,,,0.1509745000065142,W,7000.0,1786.31242401011,True,False,False,False,False,False,False,False,256,False,True,1.6953469293374557,19646.063934,0.0,HST,3C 332.0,True
193.10948330941002,56.57243830685111,1573.0,10270.0,FOS/STIS,2E 2879,24521.977600000002,9,"8104,2578",,,193.20162066621404,0.0,1.0,1.254953154223354,0.3199889175596515,0.320117,125226.35+563419.6,0.32,SBS1250+568,1.0,1.284272295513725,1.6402513422429102e-15,Sul,,,,,,0.3199889175596515,W,7000.0,2048.6228000525794,True,True,False,False,False,False,False,False,256,False,True,1.1840601370656303,3270.095537,0.0678627918948008,HST,2E 2879,False
231.75726009241,24.88027587246,1568.0,3184.0,STIS,QSO J1527+2452,4400.0,3,9051,,,303.68737545888877,0.0,1.0,0.8656916611155586,0.99545899087509,0.99499,152701.79+245249.4,,,0.0,22418.973227085353,,,,,,,,0.99545899087509,W,3184.0,3096.95235383814,True,False,False,False,False,False,False,False,0,False,False,,,,HST,QSO J1527+2452,False
234.37903323227337,33.977134157066665,1568.0,3184.0,STIS,QSO J1537+3358,4472.0,3,9051,,,516.9280906889243,0.0,1.0,1.136403642031218,1.0227974658219197,1.021,153731.01+335836.7,,,0.0,16492.641206298318,,,,,,,,1.0227974658219197,W,3184.0,3139.381666955619,True,False,False,False,False,False,False,False,256,False,True,1.1004014911756528,6429.447753,0.0,HST,QSO J1537+3358,False
174.28961485721666,39.12335661901389,1568.0,3184.0,STIS,QSO J1137+3907,4520.0,3,9051,,,294.6019243560473,0.0,1.0,0.6798410369580147,1.0295869526141592,1.026,113709.49+390723.4,,,0.0,13507.509869355303,,,,,,,,1.0295869526141592,W,3184.0,3149.918950457175,True,False,False,False,False,False,False,False,256,False,True,0.6570800502973887,3159.472868,0.0,HST,QSO J1137+3907,False
97.5108817361022,69.08422066879561,1123.0,3301.0,FOS/STIS,QSO B0624+6907,133271.54198641313,50,"MULTI,9128,9184,4112,4818,3791,5664",,,15869.497197992527,0.0,0.0,14749.049679037713,,,,0.3702,HS0624+6907,1.0,0.8352977504793693,1.1502954977857e-14,Sul,,,,,,0.3702,*,3301.0,2126.5504,True,True,False,False,False,False,False,False,0,False,False,,,,HST,QSO B0624+6907,True
79.04791941880929,-0.14980232474049285,1140.0,8950.0,FOS/STIS,AKN120,8429.719343304316,14,"9128,5182,5588",,,10730.93028810401,0.0,0.0,10730.93028810401,,,,0.0323,Ark120,1.0,1.6256359400568217,3.1086396423341304e-14,Sul,,0.03271,,,,0.0323,*,7000.0,1602.1296,True,True,False,False,False,True,False,False,8,False,False,,,,HST,AKN120,True
127.71706631294393,24.18321214466788,1140.0,8950.0,FOS/STIS,ICRF J083052.0+241059,24085.36093711853,11,"9441,6577,5441,5588",,,307.19555056076143,0.0,1.0,0.29054011757843673,0.942441182201089,0.94,083052.08+241059.8,,,0.0,13054.353855119767,,,,,,,,0.942441182201089,W,7000.0,3014.66871477609,True,False,False,False,False,False,False,False,256,False,True,0.2881178548299426,2358.587573,0.0,HST,ICRF J083052.0+241059,False
256.64198192064003,36.25242754732667,1568.0,3184.0,STIS,7C 170448.10+361856.00,4536.0,3,9051,,,482.5166195864978,0.0,1.0,0.9581822001972877,0.9166898715211488,0.917,170634.12+361508.0,,,0.0,11748.547941172857,,,,,,,,0.9166898715211488,W,3184.0,2974.702680600823,True,False,False,False,False,False,False,False,256,False,True,1.0039591124472518,3008.878189,0.0,HST,7C 170448.10+361856.00,False
221.69132766597755,40.585146069838565,1123.0,3301.0,FOS/STIS,2MASS J14464593+4035057,106000.7909748474,28,"9184,6781,3566",,,210.6140105804972,0.0,1.0,0.776749266383774,0.2705840249572124,0.26703,144645.93+403505.7,0.267,J14467+4035,1.0,0.7429841973912019,1.34549948476456e-14,Sul,0.267,,,,,0.2705840249572124,W,3301.0,1971.9464067335937,True,True,True,False,False,False,False,False,257,False,True,0.7992066217497099,2736.575832,1.3276388771574177,HST,2MASS J14464593+4035057,True
353.66664278267666,0.86686087189,1568.0,3184.0,STIS,QSO J2334+0052,16314.0,3,9382,,,634.255162453673,0.0,1.0,1.1065581065529098,1.0384642470120573,1.0399,233440.00+005201.7,,,0.0,17159.07993183813,,,,,,,,1.0384642470120573,W,3184.0,3163.696511362713,True,False,False,False,False,False,False,False,0,False,False,,,,HST,QSO J2334+0052,False
259.09871992024,56.91251897859,1568.0,3184.0,STIS,QSO J1716+5654,19680.0,2,9382,,,504.7305951287667,0.0,1.0,0.3609298172631841,0.9392134048975468,0.939088,171623.65+565444.9,,,0.0,14821.212006490588,,,,,,,,0.9392134048975468,W,3184.0,3009.6592044009926,True,False,False,False,False,False,False,False,0,False,False,,,,HST,QSO J1716+5654,False
258.91600525259497,57.789477550884996,1568.0,3184.0,STIS,QSO J1715+5747,8760.0,2,9382,,,670.53310806982,0.0,1.0,0.25806087182525594,0.6975058971258566,0.697571,171539.87+574722.2,,,0.0,11763.75639819861,,,,,,,,0.6975058971258566,W,3184.0,2634.52915233933,True,False,False,False,False,False,False,False,256,False,True,0.3204539408482218,3298.303222,1.3005927413254852,HST,QSO J1715+5747,False
167.40149735953,0.8529887269399999,1568.0,3184.0,STIS,QSO J1109+0051,16290.0,3,9382,,,1286.0737287626132,0.0,1.0,0.6518130137752676,0.9588849842035948,0.957376,110936.34+005111.3,,,0.0,17115.690644267048,,,,,,,,0.9588849842035948,W,3184.0,3040.1894954839795,True,False,False,False,False,False,False,False,0,False,False,,,,HST,QSO J1109+0051,False
214.83760098729,-0.614824674325,1568.0,3184.0,STIS,QSO J1419-0036,4750.0,2,9382,,,506.4838494557526,0.0,1.0,0.47916648631652886,0.9701837918058638,0.969576,141921.03-003652.9,,,0.0,28498.066369650354,,,,,,,,0.9701837918058638,W,3184.0,3057.7252448827007,True,False,False,False,False,False,False,False,0,False,False,,,,HST,QSO J1419-0036,False
186.49352713334,-0.8740989147366666,1568.0,3184.0,STIS,QSO J1225-0052,10472.0,3,9382,,,485.93580556822945,0.0,1.0,0.5222212768063215,0.9636067293003566,0.96486,122558.45-005226.2,,,0.0,6939.388607720785,,,,,,,,0.9636067293003566,W,3184.0,3047.5176438741532,True,False,False,False,False,False,False,False,0,False,False,,,,HST,QSO J1225-0052,False
161.88913503980666,-0.78358040958,1568.0,3184.0,STIS,QSO J1047-0047,10496.0,3,9382,,,466.774613336845,0.0,1.0,0.32709709708965884,0.7410666405695336,0.741587,104733.39-004700.5,,,0.0,3878.8369786505623,,,,,,,,0.7410666405695336,W,3184.0,2702.1354261639162,True,False,False,False,False,False,False,False,256,False,True,0.495737503382092,3070.682537,0.6477537620715725,HST,QSO J1047-0047,False
28.325610214180003,0.15319895488500002,1568.0,3184.0,STIS,QSO J0153+0009,4758.0,2,9382,,,367.64755950367095,0.0,1.0,0.6857339568163695,0.8371579292878569,0.837,015318.19+000911.4,,,0.0,11776.815359823246,,,,,,,,0.8371579292878569,W,3184.0,2851.2691062547538,True,False,False,False,False,False,False,False,256,False,True,0.6706218586521233,4708.412784,0.0,HST,QSO J0153+0009,False
17.737171170265,0.319883971395,1568.0,3184.0,STIS,QSO J0110+0019,4734.0,2,9382,,,263.9881569433898,0.0,1.0,0.5371518382222706,0.8062830165193169,0.805986,011056.90+001912.0,,,0.0,10097.332658660402,,,,,,,,0.8062830165193169,W,3184.0,2803.35124163798,True,False,False,False,False,False,False,False,0,False,False,,,,HST,QSO J0110+0019,False
163.67069796339,-0.346884909405,1568.0,3184.0,STIS,QSO B1052-0004,4750.0,2,9382,,,327.7157217614985,0.0,1.0,0.42435513359889626,1.019575578495305,1.02,105440.98-002048.4,,,0.0,3132.1993365297903,,,,,,,,1.019575578495305,W,3184.0,3134.381297824713,True,False,False,False,False,False,False,False,256,False,True,0.4381580078638402,5264.839547,0.0,HST,QSO B1052-0004,False
43.31859366697,1.1332748085066668,1568.0,3184.0,STIS,QSO B0250+0055,16282.0,3,9382,,,592.5055047029243,0.0,1.0,0.04931972884776524,1.0323859071656216,1.0313730239868164,025316.46+010759.8,,,0.0,17008.47989655011,,,,,,,,1.0323859071656216,W,3184.0,3154.2629279210446,True,False,False,False,False,False,False,False,256,False,True,0.0491984083678587,2896.578483,0.0,HST,QSO B0250+0055,False
167.72880133283002,0.8149404997733333,1568.0,3184.0,STIS,2QZ J111054.9+004853,10488.0,3,9382,,,224.21314964821343,0.0,1.0,0.4737855154100881,0.7616487922652773,0.761249,111054.92+004854.2,,,0.0,18174.468755527527,,,,,,,,0.7616487922652773,W,3184.0,2734.07892559571,True,False,False,False,False,False,False,False,384,True,True,0.5081601861222923,1868.192423,1.4879446518598465,HST,2QZ J111054.9+004853,False
24.982408142088,6.323004489216001,1140.0,3184.0,STIS,2MASS J01395577+0619225,43784.0,5,9894,,,729.3592982757677,0.0,1.0,0.3161801272952048,0.3963243714693187,0.3953837156295776,013955.76+061922.5,,,0.0,17256.661621494073,,,,,,,,0.3963243714693187,W,3184.0,2167.0954245203825,True,False,False,False,False,False,False,False,0,False,False,,,,HST,2MASS J01395577+0619225,False
238.68577750534146,8.372654931042572,1568.0,5700.0,STIS,PG1552+085,5940.0,7,"9507,17511",,,210.95358913847633,0.0,1.0,0.17871967371334993,0.1194697544164308,0.1189,155444.57+082221.4,,,0.0,20975.797324177413,,,,,,,,0.1194697544164308,W,3200.0,1737.4170588543004,True,False,False,False,False,False,False,False,384,True,True,0.1691392733758511,1889.27258,1.2065569317596876,HST,PG1552+085,True
358.34008071986,-0.478100161965,1568.0,3184.0,STIS,LBQS 2350-0045B,4758.0,2,9382,,,92.63331207822075,0.0,1.0,0.49432562125936697,0.7645967254752307,0.764801,235321.62-002840.6,,,0.0,2749.448810578173,,,,,,,,0.7645967254752307,W,3184.0,2738.654117937558,True,False,False,False,False,False,False,False,256,False,True,0.4841951477621684,4407.375111,0.3339756816124966,HST,LBQS 2350-0045B,False
205.69268945007,-0.5955858971866667,1568.0,3184.0,STIS,LBQS 1340-0020,4710.0,3,9382,,,735.4597340066185,0.0,1.0,0.4516147116266938,0.7867421695036091,0.787359,134246.26-003543.7,,,0.0,21216.029744656855,,,,,,,,0.7867421695036091,W,3184.0,2773.0238470696013,True,False,False,False,False,False,False,False,256,False,True,0.4513498522288207,3859.742565,0.546507726806543,HST,LBQS 1340-0020,False
115.29457433925833,31.199949822116665,1140.0,3100.0,FOS/STIS,ICRF J074110.7+311200,77989.60421943665,17,"9441,6577",,,545.8117158269195,0.0,1.0,0.4068178517198616,0.6319561457647479,0.631955,074110.70+311200.2,,,0.0,3933.057601487857,,,,,,,,0.6319561457647479,W,3100.0,2532.795938226889,True,False,False,False,False,False,False,False,256,False,True,0.4035322748487303,4234.516646,0.2972705332516089,HST,ICRF J074110.7+311200,False
79.95687479659546,-45.77888505810637,1140.0,7054.0,FOS/STIS,Pic A,20386.9125976561,11,"9782,6097",,,143029.941989589,0.0,0.0,142449.04198037653,,,,0.035,J05198-4546,1.0,0.9346344910129514,1.6765477266136302e-15,Sul,,,,,,0.035,*,7000.0,1606.32,True,True,False,False,False,False,False,False,0,False,False,,,,HST,Pic A,True
185.8506108502025,2.6790109587835,1140.0,5700.0,STIS,Mrk 50,8478.0,8,12922,,,280.80608300223196,0.0,0.0,156.44474737694935,,,,,,0.0,5607.554144638217,,,,0.0234,,,,0.0234,B,3200.0,1588.3168,True,False,False,True,False,True,False,False,10,False,False,,,,HST,Mrk 50,False
239.7901896267247,35.029780596388335,1140.0,10270.0,FOS/STIS,Mrk 493,80852.43373060272,36,"MULTI,14744,10215,6766",,,298.68072166816586,0.0,0.0,93.4282842581027,,,,0.0313,J15591+3501,1.0,0.3847874424022456,3.98466825853387e-15,Sul,,0.0313,,,,0.0313,*,7000.0,1600.5776,True,True,False,True,True,True,False,False,142,True,False,,,,HST,Mrk 493,True
169.27624234638145,44.22613154070372,1140.0,4822.0,FOS/STIS,LEDA 34449,44873.89700698859,27,"9871,6781,6484",,,1006.4521081777829,0.0,1.0,1.310988465997397,0.1436504058603245,0.143862,111706.39+441333.3,0.1433,PG1114+445,1.0,1.2848212564142687,2.9306693955291e-15,Sul,,,,,,0.1436504058603245,W,4822.0,1774.9454298952237,True,True,False,False,False,False,False,False,256,False,True,1.3194026353496755,4848.560799,0.0657949709770963,HST,LEDA 34449,False
259.8105973840771,48.98045895623714,1140.0,7054.0,FOS/STIS,ICRF J171914.4+485849,28402.670543670265,21,"9782,5428",,,10858.549882407424,0.0,0.0,9573.72740997252,,,,,,0.0,36397.0099058355,,,,0.024167,,,,0.024167,B,7000.0,1589.507184,True,False,False,False,False,True,False,False,8,False,False,,,,HST,ICRF J171914.4+485849,True
286.3579993182467,42.461079209071116,1140.0,5700.0,STIS,Z 229-15,15688.0,9,12922,,,12909.632521591511,0.0,0.0,12909.632521591511,,,,,,0.0,81889.5152027154,,,,0.02788,,,,0.02788,B,3200.0,1595.26976,True,False,False,False,False,True,False,False,8,False,False,,,,HST,Z 229-15,False
143.760525494435,43.519616378449996,1680.0,3066.0,STIS,US 737,4964.0,2,14135,,,324.1847678731713,0.0,1.0,0.07230315143424927,0.4585393208024262,0.458,093502.53+433110.6,,,0.0,16638.083210298915,,,,,,,,0.4585393208024262,W,3066.0,2263.6530258853654,True,False,False,False,False,False,False,False,256,False,True,0.148219793356344,8207.81118,0.4373931005635408,HST,US 737,False
295.6690853935163,-10.32371395821625,1140.0,5700.0,STIS,NGC 6814,9374.0,8,12922,,,21592.50169223951,0.0,0.0,21592.50169223951,,,,,,0.0,54420.449615417994,,,,0.00521,,,,0.00521,B,3200.0,1560.08592,True,False,False,False,False,True,False,False,8,False,False,,,,HST,NGC 6814,True
5.080088465606501,-11.10258281762,1680.0,3066.0,STIS,PB 8142,4760.0,2,14135,,,1559.0823706260687,0.0,1.0,0.0648363620486103,0.4924766666950629,0.492061,002019.22-110609.2,,,0.0,7478.1430517039435,,,,,,,,0.4924766666950629,W,3066.0,2316.3237867107377,True,False,False,False,False,False,False,False,256,False,True,0.053164464428374,3028.403677,0.4763204235146088,HST,PB 8142,False
171.40063836107333,54.382507850816665,1140.0,5700.0,STIS,Mrk 40,13705.0,9,12922,,,268.65485155360363,0.0,0.0,167.7677097849766,,,,,,0.0,23311.007413926418,,,,0.0211,,,,0.0211,B,3200.0,1584.7471999999998,True,False,False,True,False,True,False,False,10,False,False,,,,HST,Mrk 40,False
180.30977224667498,-3.678057338032125,1140.0,5700.0,STIS,Mrk 1310,8478.0,8,12922,,,2915.549750828315,0.0,0.0,2035.7474856095319,,,,,,0.0,12255.731691109779,,,,0.01956,,,,0.01956,B,3200.0,1582.3571200000001,True,False,False,False,False,True,False,False,8,False,False,,,,HST,Mrk 1310,False
128.793168794755,3.9836573523745002,1680.0,3066.0,STIS,[VV2006] J083510.4+035901,4744.0,2,14135,,,744.5989604619181,0.0,1.0,0.051358987263181916,0.4922651470899501,0.49202,083510.36+035901.1,,,0.0,33576.144900091385,,,,,,,,0.4922651470899501,W,3066.0,2315.9955082836027,True,False,False,False,False,False,False,False,256,False,True,0.1137459458992488,3393.101155,0.8040172324659659,HST,[VV2006] J083510.4+035901,False
150.22900278845,26.378448059735,1680.0,3066.0,STIS,2MASS J10005499+2622423,4784.0,2,14135,,,68.2199262033039,0.0,1.0,0.025857997214066952,0.506057516827396,0.5057300925254822,100054.96+262242.4,,,0.0,9505.708672623945,,,,,,,,0.506057516827396,W,3066.0,2337.4012661161187,True,False,False,False,False,False,False,False,384,True,True,0.0608737724300038,1789.660741,1.649986902771295,HST,2MASS J10005499+2622423,False
126.74521267845,6.1951672494235,1680.0,3066.0,STIS,2MASS J08265888+0611428,4752.0,2,14135,,,277.75965615112545,0.0,1.0,0.05441644028943188,0.4960378108732581,0.495851,082658.85+061142.6,,,0.0,28054.314322428607,,,,,,,,0.4960378108732581,W,3066.0,2321.8506824752967,True,False,False,False,False,False,False,False,384,True,True,0.0590360992949734,1987.501399,0.6996043802829175,HST,2MASS J08265888+0611428,False
128.38717000596,16.736396659765,1680.0,3066.0,STIS,2MASS J08333293+1644110,4776.0,2,14135,,,511.4750612909075,0.0,1.0,0.05504051891379202,0.4606448838511962,0.4606880843639374,083332.92+164411.0,,,0.0,14182.301133534611,,,,,,,,0.4606448838511962,W,3066.0,2266.920859737056,True,False,False,False,False,False,False,False,256,False,True,0.0744741005065578,2985.735853,0.6351401333734157,HST,2MASS J08333293+1644110,False
138.714252139835,42.332495788280006,1680.0,3066.0,STIS,2MASS J09145142+4219570,4940.0,2,14135,,,817.55616993497,0.0,1.0,0.027976130083614104,0.5503062464265024,0.5491999387741089,091451.41+421956.9,,,0.0,14482.622087268062,,,,,,,,0.5503062464265024,W,3066.0,2406.0752944539317,True,False,False,False,False,False,False,False,256,False,True,0.0330233832890282,2657.6042,0.720036031267812,HST,2MASS J09145142+4219570,False
169.921356359745,59.852408860165,1680.0,3066.0,STIS,RX J1119.7+5951,5236.0,2,14135,,,524.2223793003543,0.0,1.0,0.08785099286153834,0.4874069076444123,0.4885859787464142,111941.12+595108.7,,,0.0,13235.18421752368,,,,,,,,0.4874069076444123,W,3066.0,2308.455520664128,True,False,False,False,False,False,False,False,384,True,True,0.0873517126898941,1622.189442,0.9245159236909966,HST,RX J1119.7+5951,False
199.11602223003,31.973803624989998,1680.0,3066.0,STIS,PB 3456,4816.0,2,14135,,,379.8383515107319,0.0,1.0,0.07678953525610918,0.463691899536254,0.463831,131627.84+315825.7,,,0.0,8054.8392692176885,,,,,,,,0.463691899536254,W,3066.0,2271.649828080266,True,False,False,False,False,False,False,False,256,False,True,0.1273083922950558,2964.662776,1.3017988185321052,HST,PB 3456,False
171.56222499322,31.029617442155,1680.0,3066.0,STIS,LB 10193,4816.0,2,14135,,,249.12897351447816,0.0,1.0,0.08324114620476658,0.4958102286884514,0.495421,112614.93+310146.6,,,0.0,32149.47794175513,,,,,,,,0.4958102286884514,W,3066.0,2321.4974749244766,True,False,False,False,False,False,False,False,256,False,True,0.0972445534528293,3973.803245,0.4542794383079861,HST,LB 10193,False
210.88038741488498,46.468008017230005,1680.0,3066.0,STIS,CSO 606,5036.0,2,14135,,,131.8336915754971,0.0,1.0,0.05138530604103778,0.4592440194679221,0.4591472446918487,140331.29+462804.8,,,0.0,10116.627208046424,,,,,,,,0.4592440194679221,W,3066.0,2264.746718214215,True,False,False,False,False,False,False,False,256,False,True,0.0561335776555677,3404.733483,0.5276349626683747,HST,CSO 606,False
223.392223475875,31.233720292599997,1680.0,3066.0,STIS,CSO 1075,4824.0,2,14135,,,624.8980297595011,0.0,1.0,0.07001577499694678,0.4643861529384748,0.464536,145334.13+311401.4,,,0.0,14797.446968299979,,,,,,,,0.4643861529384748,W,3066.0,2272.7273093605127,True,False,False,False,False,False,False,False,256,False,True,0.0818631835402886,4793.909909,0.4852885630736739,HST,CSO 1075,False
355.43963829256495,-0.77792834392335,1680.0,3066.0,STIS,[VV2006] J234145.5-004640,4744.0,2,14135,,,624.1506307872986,0.0,1.0,0.034030421360547694,0.524485126025293,0.52448,234145.51-004640.5,,,0.0,9257.151866906803,,,,,,,,0.524485126025293,W,3066.0,2366.000915591255,True,False,False,False,False,False,False,False,256,False,True,0.125867104551413,4041.014424,0.5530474388500295,HST,[VV2006] J234145.5-004640,False
193.564798595255,48.147403450060004,1680.0,3066.0,STIS,[VV96] J125415.5+480850,5028.0,2,14135,,,487.613138941191,0.0,1.0,0.06982126005659009,0.5026702821830085,0.502,125415.55+480850.6,,,0.0,30345.32904917028,,,,,,,,0.5026702821830085,W,3066.0,2332.144277948029,True,False,False,False,False,False,False,False,256,False,True,0.0661230094371207,3595.542785,0.2037141210824958,HST,[VV96] J125415.5+480850,False
174.848595092195,0.3837816293288999,1680.0,3066.0,STIS,[VV2000] J113923.7+002301,4752.0,2,14135,,,500.03869377095435,0.0,1.0,0.02921921473284601,0.4721621210325112,0.47205,113923.66+002301.6,,,0.0,5400.439505800675,,,,,,,,0.4721621210325112,W,3066.0,2284.795611842457,True,False,False,False,False,False,False,False,256,False,True,0.0190369584150185,14971.290963,0.2523046684231787,HST,[VV2000] J113923.7+002301,False
123.40016192465627,48.21733888322157,1140.0,5700.0,FOS/STIS,3C 196,43360.60229998247,25,"15092,5351,1193,3939",,,270.0168262078522,0.0,1.0,0.30972673832218645,0.870798811921011,0.87,081336.06+481302.6,,,0.0,29544.195691770074,,,,,,,,0.870798811921011,W,5700.0,2903.4797561014093,True,False,False,False,False,False,False,False,256,False,True,0.5102231005922573,13811.441359,0.0,HST,3C 196,False
206.75641593093002,21.900308210865,1680.0,3066.0,STIS,2MASS J13470152+2154008,4768.0,2,14135,,,455.7730260921117,0.0,1.0,0.08073906061692947,0.5022094289925365,0.5018,134701.54+215401.1,,,0.0,12570.074665472252,,,,,,,,0.5022094289925365,W,3066.0,2331.4290337964167,True,False,False,False,False,False,False,False,256,False,True,0.1151518519145996,2179.407117,0.5040904813741951,HST,2MASS J13470152+2154008,False
231.727550248485,56.92009805293,1680.0,3066.0,STIS,2MASS J15265460+5655124,5236.0,2,14135,,,109.09597399810711,0.0,1.0,0.06324391743857169,0.4819870471821878,0.4809303879737854,152654.61+565512.3,,,0.0,5601.268350246054,,,,,,,,0.4819870471821878,W,3066.0,2300.0438972267557,True,False,False,False,False,False,False,False,256,False,True,0.0630394944400555,2648.752802,0.8324194155692503,HST,2MASS J15265460+5655124,False
167.911080650515,57.841673246780005,1680.0,3066.0,STIS,2MASS J11113865+5750298,5236.0,2,14135,,,731.2090030231059,0.0,1.0,0.04085609732460418,0.4655455634926327,0.4651603996753692,111138.65+575030.0,,,0.0,15537.634798452544,,,,,,,,0.4655455634926327,W,3066.0,2274.526714540566,True,False,False,False,False,False,False,False,384,True,True,0.0383318638112646,1555.079991,0.5557671350731288,HST,2MASS J11113865+5750298,False
158.33604430924498,27.673409813695,1680.0,3066.0,STIS,2MASS J10332064+2740242,4784.0,2,14135,,,745.4799386835738,0.0,1.0,0.027404080890046367,0.5366955333305911,0.5353,103320.65+274024.2,,,0.0,12291.489362519409,,,,,,,,0.5366955333305911,W,3066.0,2384.9514677290776,True,False,False,False,False,False,False,False,256,False,True,0.0533958005130196,3475.676606,0.7509359462796549,HST,2MASS J10332064+2740242,False
149.13536409222002,51.47327658198,1568.0,3184.0,STIS,[VV2006] J095632.5+512824,4632.0,2,15872,,,342.4126512716231,0.0,1.0,0.07729117539404154,0.7141354909228184,0.714229,095632.49+512823.8,,,0.0,7999.217175662718,,,,,,,,0.7141354909228184,W,3184.0,2660.338281912214,True,False,False,False,False,False,False,False,256,False,True,0.1083453344463761,8890.265262,0.0,HST,[VV2006] J095632.5+512824,False
214.18814155098,54.42798835071001,1568.0,3184.0,STIS,RM840,4586.39575,2,16171,,,202.04237734380348,0.0,1.0,0.03507665310841515,0.2439194164670547,0.244,141645.15+542540.7,,,0.0,18467.894588043477,,,,,,,,0.2439194164670547,W,3184.0,1930.5629343568687,True,False,False,False,False,False,True,False,272,False,True,0.0247142798381195,5791.873614,0.7909424793585091,HST,RM840,False
213.32899785394,54.53399396079,1568.0,3184.0,STIS,RM782,4586.398,2,16171,,,277.33196120429005,0.0,1.0,0.02321956185704398,0.3630632535664089,0.362,141318.96+543202.3,,,0.0,19096.20596133523,,,,,,,,0.3630632535664089,W,3184.0,2115.4741695350667,True,False,False,False,False,False,True,False,272,False,True,0.0182987146686679,3524.724285,1.0160469845682354,HST,RM782,False
215.2646959084,51.972081210005,1568.0,3184.0,STIS,RM781,4586.39875,2,16171,,,169.55428170318322,0.0,1.0,0.0315358962606074,0.2637910400216207,0.263,142103.52+515819.4,,,0.0,15866.92617644663,,,,,,,,0.2637910400216207,W,3184.0,1961.403694113555,True,False,False,False,False,False,True,False,272,False,True,0.0278743756081193,2962.138667,0.4220650939938678,HST,RM781,False
214.9212846907333,53.61378308242667,1568.0,3184.0,STIS,RM300,6772.5917500000005,3,17433,,,128.14772475547963,0.0,1.0,0.022069934155274903,0.6459553822986581,0.646,141941.10+533649.6,,,0.0,20424.995263962002,,,,,,,,0.6459553822986581,W,3184.0,2554.5227533275174,True,False,False,False,False,False,True,False,272,False,True,0.0148065218661725,2867.268525,0.7762242542685035,HST,RM300,False
214.37197072571502,53.307364282655,1568.0,3184.0,STIS,RM790,4586.39975,2,16171,,,346.2604897961546,0.0,1.0,0.029652183674568604,0.2375168771118837,0.237,141729.27+531826.5,,,0.0,21050.81614784375,,,,,,,,0.2375168771118837,W,3184.0,1920.6261932776433,True,False,False,False,False,False,True,False,272,False,True,0.0337136080289254,7885.028626,0.5220538781829575,HST,RM790,False
214.33458244958334,51.67563371548,1568.0,3184.0,STIS,RM746,9362.793,3,17433,,,363.1213378322598,0.0,1.0,0.12653834935251773,0.6826971739085261,0.682,141720.29+514032.3,,,0.0,15727.678100890673,,,,,,,,0.6826971739085261,W,3184.0,2611.5460139060324,True,False,False,False,False,False,True,False,400,True,True,0.1311224664912645,2750.864442,0.9931570703668404,HST,RM746,False
215.0426922553375,52.674892121344996,1568.0,3184.0,STIS,RM301,15679.19225,4,16171,,,270.6182647915912,0.0,1.0,0.014632733816087243,0.5483705635048117,0.548,142010.24+524029.6,,,0.0,18419.717768961862,,,,,,,,0.5483705635048117,W,3184.0,2403.071114559468,True,False,False,False,False,False,True,False,272,False,True,0.0151834132267644,6779.294424,0.5736142860984859,HST,RM301,False
215.1605103684567,53.404586766360005,1568.0,3184.0,STIS,RM320,9932.794750000001,3,16171,,,377.86483614833264,0.0,1.0,0.021528344918161357,0.2646824252554376,0.265,142038.52+532416.4,,,0.0,20861.95727774625,,,,,,,,0.2646824252554376,W,3184.0,1962.7871239964393,True,False,False,False,False,False,True,False,272,False,True,0.0282224654257626,4604.363727,0.1073067563000814,HST,RM320,False
213.05916206409,53.42964687474,1568.0,3184.0,STIS,RM101,4586.39975,2,16171,,,299.4290567834451,0.0,1.0,0.027524971536472653,0.4576771273079948,0.458,141214.20+532546.7,,,0.0,22612.542767453466,,,,,,,,0.4576771273079948,W,3184.0,2262.3149015820077,True,False,False,False,False,False,True,False,272,False,True,0.0218810401761964,2489.47469,0.1325377242099269,HST,RM101,False
213.28375690207,51.86956401387,1568.0,3184.0,STIS,RM822,4182.3955,2,17433,,,410.80902506088626,0.0,1.0,0.05762320207459836,0.2885116067353971,0.288,141308.10+515210.3,,,0.0,17552.2601512484,,,,,,,,0.2885116067353971,W,3184.0,1999.7700136533365,True,False,False,False,False,False,True,False,400,True,True,0.0617450458902382,1615.730481,1.2418688709634698,HST,RM822,False
212.81328674055,51.86916548792,1568.0,3184.0,STIS,RM622,4346.3985,2,16171,,,71.31455794160124,0.0,1.0,0.015058188735303983,0.5714794870408313,0.572,141115.18+515208.9,,,0.0,18171.642105084487,,,,,,,,0.5714794870408313,W,3184.0,2438.93616388737,True,False,False,False,False,False,True,False,272,False,True,0.0160510237148644,2717.59492,0.8055431951415948,HST,RM622,False
212.802992308665,53.751983128134995,1568.0,3184.0,STIS,RM267,4586.39925,2,16171,,,566.5890850979463,0.0,1.0,0.011949418308775722,0.5876903758638382,0.587,141112.71+534507.1,,,0.0,22059.752370987026,,,,,,,,0.5876903758638382,W,3184.0,2464.095463340677,True,False,False,False,False,False,True,False,272,False,True,0.0083402751719271,2756.543796,0.6606316904512827,HST,RM267,False
212.51782331179498,52.528057335265004,1568.0,3184.0,STIS,RM305,4466.39925,2,16171,,,293.75629826671224,0.0,1.0,0.04144964015576007,0.5268654484508013,0.527,141004.27+523140.9,,,0.0,20463.521665056152,,,,,,,,0.5268654484508013,W,3184.0,2369.6951759956437,True,False,False,False,False,False,True,False,272,False,True,0.051743668800783,2793.631166,0.336018500564598,HST,RM305,False
212.67188518976664,53.31360781818666,1568.0,3184.0,STIS,RM160,10412.797750000002,3,16171,,,67.38641688994326,0.0,1.0,0.006686125462446577,0.3591800968828488,0.36,141041.25+531848.9,,,0.0,22654.153368094285,,,,,,,,0.3591800968828488,W,3184.0,2109.447510362181,True,False,False,False,False,False,True,False,272,False,True,0.0110404032152597,4842.214229,0.0,HST,RM160,False
212.57519090623668,53.493739538119996,1568.0,3184.0,STIS,RM229,9852.79625,3,16171,,,261.32226940267503,0.0,1.0,0.022084786293266056,0.4699624136891457,0.47,141018.04+532937.4,,,0.0,23106.0100163748,,,,,,,,0.4699624136891457,W,3184.0,2281.381666045554,True,False,False,False,False,False,True,False,272,False,True,0.0197583250673313,3466.100726,0.3669072012800894,HST,RM229,False
211.325107500075,53.258341958369996,1568.0,3184.0,STIS,RM720,4586.3985,2,16171,,,521.9353327279538,0.0,1.0,0.04316984224332812,0.4679143181185927,0.467,140518.02+531530.0,,,0.0,24119.060384721495,,,,,,,,0.4679143181185927,W,3184.0,2278.203021720056,True,False,False,False,False,False,True,False,272,False,True,0.0392738488755343,3430.319125,0.4475545187287008,HST,RM720,False
213.01197504708,52.34057784627,1568.0,3184.0,STIS,[HB91] 1410+525,9442.787250000001,3,17433,,,158.0011854159423,0.0,1.0,0.023360634749769627,0.4226841326747823,0.423,141202.87+522026.0,,,0.0,19292.227127677736,,,,,,,,0.4226841326747823,W,3184.0,2208.005773911262,True,False,False,False,False,False,True,False,400,True,True,0.0337902101077142,2084.461114,0.8338782310240945,HST,[HB91] 1410+525,False
212.84758352592502,52.22547580621,1568.0,3184.0,STIS,CXOMP J141123.4+521331,4466.39925,2,16171,,,90.46155612105323,0.0,1.0,0.03410968312553655,0.4720930256692396,0.472,141123.41+521331.6,,,0.0,19155.824505431603,,,,,,,,0.4720930256692396,W,3184.0,2284.6883758386602,True,False,False,False,False,False,True,False,272,False,True,0.0357579483014155,3414.83227,0.371734973678001,HST,CXOMP J141123.4+521331,False
215.21849482379,52.939552643019994,1568.0,3184.0,STIS,[VV2006] J142052.4+525621,4302.39175,2,17433,,,272.99005544928303,0.0,1.0,0.031078097991566273,0.6779450876299261,0.676,142052.43+525622.4,,,0.0,19216.52565209609,,,,,,,,0.6779450876299261,W,3184.0,2604.1707760016457,True,False,False,False,False,False,True,False,272,False,True,0.0322315118004916,3839.88449,1.1107634376565003,HST,[VV2006] J142052.4+525621,False
214.107120435415,53.910701024779996,1568.0,3184.0,STIS,2MASS J14162560+5354386,4586.399,2,16171,,,280.45108553563625,0.0,1.0,0.005349344486759095,0.2629867801421608,0.263,141625.70+535438.5,,,0.0,20185.414315255737,,,,,,,,0.2629867801421608,W,3184.0,1960.1554827806335,True,False,False,False,False,False,True,False,272,False,True,0.0038029968909479,2922.529731,0.0393279093880285,HST,2MASS J14162560+5354386,False
214.35246663439668,52.50690275858667,1568.0,3184.0,STIS,3XMM J141724.5+523025,10172.797750000002,3,16171,,,366.51725853098947,0.0,1.0,0.040670084951365294,0.4820421700226696,0.481,141724.59+523024.8,,,0.0,18398.41617200199,,,,,,,,0.4820421700226696,W,3184.0,2300.1294478751834,True,False,False,False,False,False,True,False,272,False,True,0.0398177028888197,5300.542133,0.1737437582959357,HST,3XMM J141724.5+523025,False
134.94314125776,27.75968342178,1568.0,3184.0,STIS,2MASSI J0859463+274534,4210.3975,2,17433,,,182.477930514709,0.0,1.0,0.05846558843975515,0.2441690756959724,0.2440732419490814,085946.35+274534.8,,,0.0,13791.724023204923,,,,,,,,0.2441690756959724,W,3184.0,1930.9504054801494,True,False,False,False,False,False,False,False,384,True,True,0.0501295575494403,1627.6725,1.1322216204258175,HST,2MASSI J0859463+274534,False
131.388711359115,47.82625856677,1568.0,3184.0,STIS,2MASS J08453328+4749345,4270.3985,2,17433,,,257.4087390801595,0.0,1.0,0.08487044131370805,0.3022557428196653,0.302,084533.28+474934.5,,,0.0,15281.641415767792,,,,0.30237,,,,0.3022557428196653,W,3184.0,2021.1009128561204,True,False,False,False,False,True,False,False,392,True,True,0.0494759850736391,1156.31629,1.147420519729948,HST,2MASS J08453328+4749345,False
215.30122072240073,52.69645744109461,1568.0,3184.0,STIS,SDSS J142112.29+524147.2,86290.0,26,17487,,,77.64590064877899,0.0,1.0,0.003955826619102705,0.8425340437103421,0.842,142112.29+524147.2,,,0.0,18325.984227214416,,,,,,,,0.8425340437103421,W,3184.0,2859.612835838451,True,False,False,False,False,False,True,False,272,False,True,0.0027161107301989,3788.32965,0.4147531844124428,HST,SDSS J142112.29+524147.2,False
214.62585343999348,52.37012762783577,1568.0,3184.0,STIS,SDSS J141830.20+522212.4,80899.6802,26,17487,,,100.34939889111023,0.0,1.0,0.004669176249692712,0.8208482614373188,0.82,141830.20+522212.4,,,0.0,17709.41077598523,,,,,,,,0.8208482614373188,W,3184.0,2825.9565017507184,True,False,False,False,False,False,True,False,272,False,True,0.0093265582455566,3391.503507,0.5999290341024179,HST,SDSS J141830.20+522212.4,False
200.95625791803457,65.69673340961384,1140.0,8500.0,FOS/STIS,PG1322+659,31038.979021077288,13,"17511,8144,6781",,,250.3638892840393,0.0,0.0,250.3638892840393,,,,0.1674,PG1322+659,1.0,0.09224737935952658,6.74913945471463e-15,Sul,0.168,,,,,0.1674,*,7000.0,1811.8048,True,True,True,False,False,False,False,False,1,False,False,,,,HST,PG1322+659,True
211.59123987283374,22.39632225955625,1140.0,4822.0,FOS/STIS,PG1404+226,6949.830649375953,8,"17511,6247",,,627.4369691580305,0.0,1.0,0.2367519437375251,0.098618442998925,0.0979,140621.89+222346.5,0.0973,PG1404+226,1.0,0.278335300418734,4.720983918175641e-15,Sul,0.098,,,,,0.098618442998925,W,4822.0,1705.0558235343315,True,True,True,False,False,False,False,False,257,False,True,0.2164870935855417,1245.256017,1.220578191549508,HST,PG1404+226,False
115.96676207046599,27.210964285794,1568.0,5700.0,STIS,ATO J115.9667+27.2109,3232.0,5,17511,,,669.8862404535397,0.0,1.0,0.11064501786902173,0.2527472175168159,0.2523,074352.02+271239.5,,,0.0,16109.58131191977,,,,0.252,,,,0.2527472175168159,W,3200.0,1944.2636815860983,True,False,False,False,False,True,False,False,264,False,True,0.2806772963132114,3423.007001,0.8366012898501896,HST,ATO J115.9667+27.2109,False
156.38037319738498,51.67635299664834,1140.0,3184.0,STIS,Mrk 142,8092.0,6,17511,,,611.3709647764779,0.0,0.0,180.15259336607346,,,,,,0.0,11521.687673251181,,,,0.04494,,,,0.04494,B,3184.0,1621.74688,True,False,False,False,True,True,False,False,140,True,False,,,,HST,Mrk 142,True
230.30943942095428,22.462189221017145,1568.0,5700.0,STIS,LEDA 54782,8280.0,7,17511,,,1372.1223368257256,0.0,1.0,0.11179034712532131,0.135780889147247,0.1358,152114.25+222743.8,,,0.0,22880.44848915991,,,,,,,,0.135780889147247,W,3200.0,1762.7319399565272,True,False,False,False,False,False,False,False,384,True,True,0.0985180396694418,2429.315472,0.9258654267575126,HST,LEDA 54782,True
166.05752690122983,76.98282764921083,1123.0,5700.0,FOS/STIS,[OKM2018] SWIFT J1104.8+7689,171277.9442880378,47,"MULTI,17511,9184,9128,8144,4939,2424",,,26858.606743982113,0.0,0.0,26858.606743982113,,,,0.3116,PG1100+772,1.0,0.2410086901874992,6.441484877613061e-15,Sul,0.313,,,,,0.3116,*,5700.0,2035.6031999999998,True,True,True,False,False,False,False,False,1,False,False,,,,HST,[OKM2018] SWIFT J1104.8+7689,False
211.31755246137058,25.926017863109415,1140.0,8950.0,FOS/STIS,PG1402+261,5906.27131793576,17,"17511,9128,6781,5456,4953,5588",,,321.9995513319915,0.0,0.0,272.6732746056695,,,,0.1633,J14052+2555,1.0,0.49723201815747725,1.7706791790093202e-14,Sul,0.164,,,,,0.1633,*,7000.0,1805.4416,True,True,True,False,False,False,False,False,1,False,False,,,,HST,PG1402+261,True
14.333470238094284,-22.38229126984,1140.0,3190.0,STIS,TON-S180,10732.0,7,"7345,9128,8109",,,27724.999405899605,0.0,0.0,27724.999405899605,,,,0.062,TONS180,1.0,2.3501143603370487,3.11660404244289e-14,Sul,,,,,,0.062,*,3190.0,1648.2240000000002,True,True,False,False,False,False,False,False,0,False,False,,,,HST,TON-S180,True
65.81575,-1.3427722222220002,1140.0,3301.0,FOS/STIS,PKS0420-01,5327.617222799899,6,"8569,4044,2424,6799",,,15069.269094377963,0.0,0.0,15069.269094377963,,,,0.915,J04232-0120,1.0,0.9663813406758565,3.78851677984876e-16,Sul,,,,,,0.915,*,3301.0,2972.08,True,True,False,False,False,False,False,False,0,False,False,,,,HST,PKS0420-01,False
215.3995908333,52.527475,1570.0,3180.0,STIS,RM772,2293.199625,1,16171,,,234.52606974919593,0.0,1.0,0.0020271363922557363,0.2491577239688483,0.249,142135.90+523138.9,,,0.0,17681.788071315263,,,,,,,,0.2491577239688483,W,3180.0,1938.6927875996525,True,False,False,False,False,False,True,False,272,False,True,0.0043966896868353,3140.457213,0.3169055800395058,HST,RM772,False
147.42125416668125,29.92190370365854,1140.0,5610.0,FOS/STIS,PG0946+301,112322.633719,48,"8284,3200",,,674.4625784336388,0.0,1.0,0.36138162749029595,1.2234377647494208,1.223448,094941.10+295519.2,,,0.0,11141.55651901557,,,,,,,,1.2234377647494208,W,5610.0,3450.7754108911013,True,False,False,False,False,False,False,False,0,False,False,,,,HST,PG0946+301,False
236.08375,59.20722222222,1150.0,3180.0,STIS,HS1543+5921,2739.0,2,8485,,,908.9991798734933,0.0,1.0,1.922609668803822,0.8118231558161655,0.8096858859062195,154420.30+591227.1,,,0.0,6151.666988170469,,,,,,,,0.8118231558161655,W,3180.0,2811.949537826689,True,False,False,False,False,False,False,False,0,False,False,,,,HST,HS1543+5921,False
254.9157083333,18.57688888889,1150.0,3620.0,STIS,2MASSI-J165939.7+183436,2302.0,1,9161,,,1438.51436072916,0.0,1.0,0.02234653636181198,0.1707950328276241,0.171036,165939.77+183436.8,,,0.0,33797.08729705286,,,,,,,,0.1707950328276241,W,3200.0,1817.0738909484728,True,False,False,False,False,False,False,False,256,False,True,0.0227232794467544,12380.352908,0.4070765564108344,HST,2MASSI-J165939.7+183436,False
139.7025416667,21.28808333333,1150.0,3620.0,STIS,2MASSI-J091848.6+211717,2307.0,1,9161,,,781.287366115076,0.0,1.0,0.07968408244552097,0.1494941623197378,0.1493,091848.61+211717.0,,,0.0,7792.057469470822,,,,,,,,0.1494941623197378,W,3200.0,1784.0149399202332,True,False,False,False,False,False,False,False,384,True,True,0.0652867733913868,1569.136302,1.3772604281663312,HST,2MASSI-J091848.6+211717,False
16.90437,-0.31997,1570.0,3180.0,STIS,0107-0019,5252.0,2,9382,,,545.1543042224164,0.0,1.0,0.634527784671068,0.7379901791928926,0.7372393608093262,010737.01-001911.5,,,0.0,10404.939285193394,,,,,,,,0.7379901791928926,W,3180.0,2697.3607581073693,True,False,False,False,False,False,False,False,384,True,True,0.6865087453007828,2249.461253,0.9348171314394929,HST,0107-0019,False
28.20703,0.38744,1570.0,3180.0,STIS,0152+0023,5260.0,2,9382,,,447.52546516374326,0.0,1.0,1.1524994671381077,0.5893996319847848,0.5900022387504578,015249.76+002314.6,,,0.0,12291.654946573655,,,,,,,,0.5893996319847848,W,3180.0,2466.7482288403858,True,False,False,False,False,False,False,False,384,True,True,1.0233032413509258,3338.735722,1.235331780030232,HST,0152+0023,False
182.6355582155116,39.405787010812034,1123.0,10270.0,FOS/STIS,NGC4151,186296.90863745048,138,"7121,7569,7350,8473,9849,17892,8136,8019,9272,12212,13508,8608,1141,2498,5169,4220,5433",,,387.4176214325107,0.0,0.0,133.79715312863712,,,,,,0.0,19100.171090761556,,,,0.00332,,,,0.00332,B,7000.0,1557.15264,True,False,False,False,False,True,False,False,8,False,False,,,,HST,NGC4151,True
247.5566038814,37.97250951778,1140.0,2508.0,FOS,1628.5+3808,1061.38,2,1144,,,1238.181677962898,0.0,1.0,0.7230088003592816,1.4725443536296874,1.47,163013.57+375821.7,0.3945,J16303+3756,1.0,0.6653832283044863,2.262403551520179e-16,Sul,,,,,,0.3945,*,2508.0,2164.264,True,True,False,False,False,False,False,False,0,False,False,,,,HST,1628.5+3808,False
247.5867319828,37.94875537833,1140.0,2508.0,FOS,1628.6+3806,1057.43406,2,1144,,,1181.068712821335,0.0,1.0,1.007143613209982,0.3943505986216355,0.3943460583686828,163020.78+375656.4,,,0.0,121.49733359634001,,,,,,,,0.3943505986216355,W,2508.0,2164.0321290607785,True,False,False,False,False,False,False,False,256,False,True,1.0165551182049417,5807.669242,0.172934727256388,HST,1628.6+3806,False
200.83560734595713,29.16863793855714,1140.0,3301.0,FOS,TON157,9401.60925836613,7,"4953,6007",,,192.37602042578018,0.0,1.0,0.08554616725950419,0.9718249091051288,0.969764,132320.55+291007.1,,,0.0,3384.764519242919,,,,,,,,0.9718249091051288,W,3301.0,3060.2722589311597,True,False,False,False,False,False,False,False,0,False,False,,,,HST,TON157,False
199.94273621932498,51.801740042809996,1140.0,3301.0,FOS,1317+5203,1050.4,4,4953,,,307.11072666055674,0.0,1.0,0.704158544443718,1.054859817444746,1.056,131946.20+514805.7,,,0.0,22024.874311484804,,,,,,,,1.054859817444746,W,3301.0,3189.142436674246,True,False,False,False,False,False,False,False,0,False,False,,,,HST,1317+5203,False
223.61404755415,-37.79277208029375,1140.0,2330.0,FOS,PKS1451-375,5104.449828147535,8,"4342,5948",,,125462.70759281312,0.0,0.0,125461.40248667786,,,,0.314,J14544-3747,1.0,0.9501037352683781,1.7134936429046402e-15,Sul,,,,,,0.314,*,2330.0,2039.328,True,True,False,False,False,False,False,False,0,False,False,,,,HST,PKS1451-375,False
347.82418132796664,10.137814405453335,1140.0,3301.0,FOS,PG2308+098,5260.996450000001,6,"4953,4079",,,796.1149043835334,0.0,0.0,183.84799371766158,,,,0.4341,J23112+1008,1.0,1.901981941047843,3.854844198097881e-15,Sul,,,,,,0.4341,*,3301.0,2225.7232,True,True,False,False,False,False,False,False,0,False,False,,,,HST,PG2308+098,False
184.20444444443334,17.80124074074,1573.0,2330.0,FOS,Q1214+1804,953.818295955619,3,"5947,5456",,,468.54185046356474,0.0,1.0,0.6836284848896074,0.3733307764234906,0.373,121649.02+174804.6,,,0.0,13666.836942916674,,,,,,,,0.3733307764234906,W,2330.0,2131.4093650092573,True,False,False,False,False,False,False,False,256,False,True,0.6503031454263924,3958.573071,0.5635956414970938,HST,Q1214+1804,False
250.7449443252375,39.81023013203,1573.0,6871.999999999999,FOS,3C345,14691.411317188,16,"6214,2578",,,455.8282468372081,0.0,1.0,0.32405177645171446,0.593116942918676,0.593,164258.80+394837.0,0.5931,3C345,1.0,0.3153538571638317,3.34286039517219e-16,Sul,,,,,,0.593116942918676,W,6871.999999999999,2472.517495409785,True,True,False,False,False,False,False,False,256,False,True,0.2890193925651982,3548.943235,0.1608791187264107,HST,3C345,True
228.6796117389,36.847239663399996,1573.0,3301.0,FOS,B21512+37,5829.193656,8,"3538,2424",,,672.066801213254,0.0,1.0,0.574760039639993,0.3709649298938686,0.370020180940628,151443.06+365050.4,0.371,J15147+3650,1.0,0.5727237278169709,6.2513634128760804e-15,Sul,0.371,,,,,0.3709649298938686,W,3301.0,2127.737571195284,True,True,True,False,False,False,False,False,257,False,True,0.5601225979976047,5531.040284,0.0,HST,J15147+3650,True
197.123797122625,30.094212295797497,1140.0,3301.0,FOS,1306+3021,1090.4,4,4952,,,581.3254709017992,0.0,1.0,0.4318517552874615,0.8094234182920599,0.808,130829.67+300539.0,,,0.0,9749.815834057774,,,,,,,,0.8094234182920599,W,3301.0,2808.225145189277,True,False,False,False,False,False,False,False,256,False,True,0.4489223987457954,4821.76061,0.6309411488509717,HST,1306+3021,False
44.0687877494275,-1.4437787197385,1140.0,3301.0,FOS,0253-0138,890.39999771118,4,4396,,,176.94510372848475,0.0,1.0,0.630104568288862,0.8793399655676271,0.8794447779655457,025616.52-012638.1,,,0.0,12955.97974841938,,,,,,,,0.8793399655676271,W,3301.0,2916.7356265609574,True,False,False,False,False,False,False,False,256,False,True,0.6306824864679129,3554.580091,1.0145826354871768,HST,0253-0138,False
211.7516666667,28.45406388889,1140.0,2508.0,FOS,OQ208,1543.36343765259,2,6799,,,817.99065822625,0.0,1.0,0.01887772990663167,0.0764120605669926,0.0766,140700.40+282714.6,,,0.0,9205.99297890057,,,,,,,,0.0764120605669926,W,2508.0,1670.5915179999727,True,False,False,False,False,False,False,False,256,False,True,0.0280590152855063,7011.80258,0.6163204149188002,HST,OQ208,True
23.57,-42.97416666667,1140.0,6871.999999999999,FOS,RXJ0134-42,8264.054526329452,8,6766,,,103955.7184910965,0.0,0.0,103955.7184910965,,,,0.237,HE0132-4313,1.0,1.3941554191064298,7.17347216297032e-15,Sul,,,,,,0.237,*,6871.999999999999,1919.824,True,True,False,False,False,False,False,False,0,False,False,,,,HST,RXJ0134-42,False
214.76626599780002,-13.179119278980002,1573.0,2330.0,FOS,PG1416-129,1027.996785163925,3,6528,,,35786.37917014092,0.0,0.0,35786.37917014092,,,,0.1294,J14190-1310,1.0,1.2312886442389213,2.3535055171378607e-15,Sul,,,,,,0.1294,*,2330.0,1752.8288,True,True,False,False,False,False,False,False,0,False,False,,,,HST,PG1416-129,True
163.136875,61.42237777778,1140.0,2508.0,FOS,4C61.20,1687.81080627435,2,6577,,,880.874886138429,0.0,1.0,0.8518473529000292,0.4211027940391447,0.421,105232.74+612520.9,0.4207,J10525+6125,1.0,0.8756868855871619,3.97557969010339e-15,Sul,,,,,,0.4211027940391447,W,2508.0,2205.5515363487525,True,True,False,False,False,False,False,False,256,False,True,0.8782239819166613,7098.64975,0.0,HST,4C61.20,False
179.8591666667,21.11561111111,1573.0,3301.0,FOS,TEX1156+213,5175.0596799850655,4,5441,,,786.5106339062316,0.0,1.0,0.320834384441268,0.3473328776538936,0.347,115926.20+210655.8,0.349,J11594+2106,1.0,0.41789827451292694,2.4247525886144906e-15,Sul,,,,,,0.3473328776538936,W,3301.0,2091.0606261188427,True,True,False,False,False,False,False,False,256,False,True,0.2693624612523335,7603.005651,0.2582404203187754,HST,TEX1156+213,False
192.6064166667,30.27772222222,2221.0,3301.0,FOS,B21248+30,1338.33218765259,2,5441,,,686.7457154068239,0.0,1.0,0.13832675670861025,1.0606118009282,1.060962,125025.54+301639.7,,,0.0,22174.2045393706,,,,,,,,1.0606118009282,W,3301.0,3198.0695150405663,True,False,False,False,False,False,False,False,0,False,False,,,,HST,B21248+30,False
178.3519166667,49.51905555556,1573.0,3301.0,FOS,LB2136,3828.53221321109,4,5441,,,91.45317450940738,0.0,1.0,0.17436827370750554,0.3334989960602603,0.334,115324.46+493108.7,0.3336,SBS1150+497,1.0,0.2389864426792407,2.0419170410518e-15,Sul,,,,,,0.3334989960602603,W,3301.0,2069.590441885524,True,True,False,False,False,False,False,False,256,False,True,0.1728287157761253,3934.4236,0.0,HST,LB2136,False
173.77041666670002,-3.3145833333329997,1573.0,2330.0,FOS,Q1132-0302,2008.340663910412,3,5456,,,1203.2832595441475,0.0,0.0,153.18032223054487,,,,0.236,LBQS1132-0302,1.0,1.0111502121647615,1.5335358299698202e-15,Sul,,,,,,0.236,*,2330.0,1918.272,True,True,False,False,False,False,False,False,0,False,False,,,,HST,LBQS1132-0302,False
175.3404583333,1.800916666667,1573.0,2330.0,FOS,Q1138+0204,2084.53999519329,3,5456,,,858.8481449630664,0.0,1.0,0.7818660846719286,0.3819158249060606,0.381881,114121.75+014803.5,0.3821,LBQS1138+0204,1.0,0.6052769367891246,1.80145090336229e-15,Sul,,,,,,0.3819158249060606,W,2330.0,2144.733360254206,True,True,False,False,False,False,False,False,256,False,True,0.8308397467922022,3912.547717,0.8788219612706417,HST,LBQS1138+0204,False
64.31964883579363,-5.896076995880819,1573.0,3301.0,FOS,3C110,9589.7962057193,11,"5664,3269",,,4054.6591110277027,0.0,0.0,4054.6591110277027,,,,0.7744,3C110,1.0,0.9983417249376163,3.1789863125701304e-15,Sul,,,,,,0.7744,*,3301.0,2753.8688,True,True,False,False,False,False,False,False,0,False,False,,,,HST,3C110,True
177.19947972245,10.916465006907998,1573.0,3301.0,FOS,MC1146+111,12146.80620002859,10,"5852,4504",,,397.9618515315245,0.0,1.0,1.0453215128759015,0.8619548042232137,0.861,114847.83+105458.4,,,0.0,25086.526309184344,,,,,,,,0.8619548042232137,W,3301.0,2889.7538561544275,True,False,False,False,False,False,False,False,256,False,True,1.0436582654234654,12243.30336,0.358975935359213,HST,MC1146+111,False
194.24958983828748,4.4594697390091245,1140.0,3301.0,FOS,PG1254+047,12025.71605,8,3791,,,345.5967872573521,0.0,1.0,0.47504552528727,1.028873542691621,1.025584,125659.92+042734.4,,,0.0,12673.0862482584,,,,,,,,1.028873542691621,W,3301.0,3148.8117382573955,True,False,False,False,False,False,False,False,0,False,False,,,,HST,PG1254+047,True
234.8949818163222,47.59206176973111,1140.0,3301.0,FOS,PG1538+477,9857.3309,9,"3791,4118",,,365.9812677221531,0.0,1.0,0.1683855191748266,0.7720745622785224,0.771,153934.80+473531.2,0.7723,J15395+4735,1.0,0.3319575340152671,5.007779918843671e-15,Sul,,,,,,0.7720745622785224,W,3301.0,2750.259720656267,True,True,False,False,False,False,False,False,256,False,True,0.092734821950481,5516.49361,0.4413868590130292,HST,PG1538+477,True
166.81250761601666,16.46732764201,1140.0,3301.0,FOS,MC1104+167,5641.938088,6,3791,,,841.6927099211858,0.0,1.0,0.6127136066180553,0.6303065240905434,0.630523,110715.04+162802.2,0.632,J11072+1628,1.0,0.6692008470439468,5.5014571279197e-15,Sul,,,,,,0.6303065240905434,W,3301.0,2530.2357253885234,True,True,False,False,False,False,False,False,256,False,True,0.6335861631726626,5188.641995,0.0,HST,MC1104+167,True
116.42376085541667,31.715471543656665,1140.0,3301.0,FOS,B20742+31,6658.1641500000005,6,3791,,,902.3423699608571,0.0,1.0,1.0601191078902275,0.4613060573299271,0.461583,074541.66+314256.6,0.4611,FBQSJ074541.6+314256,1.0,1.0016216512261702,2.635873494365e-15,Sul,,,,,,0.4613060573299271,W,3301.0,2267.9470009760466,True,True,False,False,False,False,False,False,256,False,True,1.036077864789258,9527.977336,0.1136221117168933,HST,FBQSJ074541.6+314256,True
193.65919072613335,11.685030720816668,1140.0,3301.0,FOS,PKS1252+11,10151.5312051778,9,"5947,2424",,,984.8156819275289,0.0,1.0,0.7334591281142119,0.8750498488432586,0.873723,125438.25+114105.8,0.8737,J12546+1141,1.0,0.7834678562107633,1.67517688611005e-15,Sul,,,,,,0.8750498488432586,W,3301.0,2910.077365404737,True,True,False,False,False,False,False,False,0,False,False,,,,HST,PKS1252+11,False
188.35748584213331,9.523133741924,1573.0,2330.0,FOS,1230+0947,657.584556102785,3,"5947,4952",,,369.51738181236647,0.0,1.0,0.15930394468461048,0.4159893726063489,0.416022,123325.78+093123.3,0.4159,LBQS1230+0947,1.0,0.18100824134153207,4.887779385768481e-15,Sul,,,,,,0.4159893726063489,W,2330.0,2197.6155062850535,True,True,False,False,False,False,False,False,256,False,True,0.1956234018655216,4455.829814,0.1537796075239954,HST,LBQS1230+0947,False
211.16185185187777,43.45196296296,1573.0,3301.0,FOS,IR1402+43,13655.500458240138,9,"5928,5456",,,205.83963043118274,0.0,1.0,0.6024088947145892,0.3236599626310497,0.322924,140438.80+432707.4,,,0.0,6277.624301449193,,,,,,,,0.3236599626310497,W,3301.0,2054.320262003389,True,False,False,False,False,False,False,False,256,False,True,0.6215510296287317,2659.52681,1.5511737646194357,HST,IR1402+43,True
245.0908385310818,17.60665754675909,1140.0,4822.0,FOS,3C334.0,9222.51277,11,"2424,2578",,,357.6302555728775,0.0,1.0,0.2597297556230836,0.5557573210067811,0.5551,162021.81+173623.9,0.5556,3C334,1.0,0.24767020713403431,3.32543260951777e-15,Sul,,,,,,0.5557573210067811,W,4822.0,2414.535362202524,True,True,False,False,False,False,False,False,256,False,True,0.245245166018152,7406.636309,0.0965868589033648,HST,3C334.0,True
173.37625629715714,10.873060529987143,1140.0,3301.0,FOS,1130+106Y,6920.49287,7,2424,,,749.8329678396011,0.0,1.0,0.31248094644037805,0.5106034913646944,0.511125,113330.30+105223.3,,,0.0,30531.9461377712,,,,,,,,0.5106034913646944,W,3301.0,2344.4566185980057,True,False,False,False,False,False,False,False,256,False,True,0.2849772451151487,12520.107492,0.2115656831996447,HST,1130+106Y,False
139.9904057102,51.102783974666664,1140.0,3301.0,FOS,NGC2841UB3,5892.04065,6,2424,,,263.16671762381026,0.0,1.0,0.9539284175376697,0.5569443329622199,0.5546606779098511,091957.60+510609.6,0.5563,NGC2841,1.0,0.984756786931728,4.43938374267659e-15,Sul,,,,,,0.5569443329622199,W,3301.0,2416.377604757365,True,True,False,False,False,False,False,False,256,False,True,0.9636295509000112,3627.588253,1.0893264349509997,HST,NGC2841UB3,False
325.89817083329996,17.73030833333,1140.0,3301.0,FOS,OX169,6344.72375,7,1192,,,7744.811050301665,0.0,0.0,7436.045569552832,,,,0.2106,J21435+1743,1.0,0.3511353684173497,4.35376715842931e-15,Sul,,,,,,0.2106,*,3301.0,1878.8511999999998,True,True,False,False,False,False,False,False,0,False,False,,,,HST,OX169,True
152.61459515983336,41.54419172692167,1140.0,3301.0,FOS,4C41.21,7789.825963000001,6,3791,,,542.3466324799799,0.0,1.0,0.233462722021309,0.6125954166688069,0.6126924157142639,101027.52+413239.0,0.6126,J10104+4132,1.0,0.2804708970269223,4.85303330565207e-15,Sul,,,,,,0.6125954166688069,W,3301.0,2502.748086669988,True,True,False,False,False,False,False,False,256,False,True,0.2286433718019422,3550.01347,0.0,HST,4C41.21,True
150.77835828648332,68.22152763127667,1140.0,3301.0,FOS,0959+68W1,7828.809650000001,6,3791,,,777.7596685301744,0.0,1.0,0.6791209014354388,0.7713587521779437,0.7709,100306.76+681316.8,,,0.0,24661.956387988885,,,,,,,,0.7713587521779437,W,3301.0,2749.1487833801684,True,False,False,False,False,False,False,False,256,False,True,0.650538949055476,4394.036561,1.3150002192886276,HST,0959+68W1,False
179.88282788055554,29.245426895591113,1140.0,4822.0,FOS,4C29.45,7020.83927225342,9,"3791,5441",,,906.2913830128625,0.0,1.0,0.6090236549384537,0.7246915169254025,0.724688,115931.83+291443.8,,,0.0,6328.180422339563,,,,,,,,0.7246915169254025,W,4822.0,2676.7212342682246,True,False,False,False,False,False,False,False,256,False,True,0.5886761982605206,2342.569016,0.0,HST,4C29.45,True
356.65374116675,9.512780914467333,1140.0,3301.0,FOS,PKS2344+09,7359.357524999999,6,3791,,,627.2635967461933,0.0,0.0,193.81046575308483,,,,0.6719,J23466+0930,1.0,1.0085227043804323,2.60072230708931e-15,Sul,,,,,,0.6719,*,3301.0,2594.7888,True,True,False,False,False,False,False,False,0,False,False,,,,HST,PKS2344+09,True
341.57582566451435,-12.114224823741429,1140.0,3301.0,FOS,PKS2243-123,9619.072432042547,7,3791,,,6092.327194505811,0.0,0.0,6092.327194505811,,,,0.6255,J22463-1206,1.0,0.5755962556597277,3.2314057405024706e-15,Sul,,,,,,0.6255,*,3301.0,2522.776,True,True,False,False,False,False,False,False,0,False,False,,,,HST,PKS2243-123,False
291.9521354054555,73.96717392497554,1140.0,3301.0,FOS,4C73-18,11939.406368108925,9,"5441,4112",,,18322.030096733644,0.0,0.0,13037.288878823354,,,,0.3021,J19278+7358,1.0,0.2659655228028658,4.035716282798721e-15,Sul,,,,,,0.3021,*,3301.0,2020.8592,True,True,False,False,False,False,False,False,0,False,False,,,,HST,4C73-18,True
24.988625,1.529527777778,1140.0,3301.0,FOS,PHL1093,5542.199183464141,5,5441,,,443.39211954317244,0.0,0.0,363.1367995681337,,,,0.26,UM355,1.0,0.7904850056546961,5.58846064476876e-16,Sul,,,,,,0.26,*,3301.0,1955.52,True,True,False,False,False,False,False,False,0,False,False,,,,HST,PHL1093,False
34.28195833333,11.06933333333,1500.0,8950.0,FOS,PKS0214+10,1554.694092035419,4,"5441,5588",,,6099.96525087663,0.0,0.0,6099.96525087663,,,,0.408,J02171+1104,1.0,0.32754860125987906,2.1981210450388306e-15,Sul,,,,,,0.408,*,7000.0,2185.216,True,True,False,False,False,False,False,False,0,False,False,,,,HST,PKS0214+10,False
345.93127463911674,-68.12697343627165,1140.0,3301.0,FOS,PKS2300-68,7591.924556,6,2424,,,190432.0020866677,0.0,0.0,190432.0020866677,,,,0.5158,J23037-6807,1.0,0.37428616054734143,1.6329072473781502e-15,Sul,,,,,,0.5158,*,3301.0,2352.5216,True,True,False,False,False,False,False,False,0,False,False,,,,HST,PKS2300-68,False
164.5745833333,19.864111111110002,1140.0,8950.0,FOS,PKS1055+20,2014.46323225399,6,"2424,5441,5588",,,679.6991534370553,0.0,1.0,0.1220208852811162,1.1149535776656565,1.1149,105817.90+195150.9,,,0.0,14426.461629823612,,,,,,,,1.1149535776656565,W,7000.0,3282.407952537099,True,False,False,False,False,False,False,False,0,False,False,,,,HST,PKS1055+20,False
204.00834277868333,17.420275652946668,1140.0,3301.0,FOS,PG1333+176,4904.9467,6,2424,,,191.49353822131638,0.0,1.0,0.14244024927554597,0.5527732016129306,0.5519,133602.01+172513.0,,,0.0,16089.839326846903,,,,,,,,0.5527732016129306,W,3301.0,2409.9040089032683,True,False,False,False,False,False,False,False,256,False,True,0.1703987577225714,2942.605743,1.4347691534414613,HST,PG1333+176,True
216.8544331631,19.83129115061,1573.0,2330.0,FOS,1425+2003,570.8,2,4953,,,525.0131303907918,0.0,1.0,0.47016866847793315,0.1107561091936612,0.1109,142725.04+194952.2,0.1105,Mrk813,1.0,1.8790597676968814,,Sul,,,,,,0.1107561091936612,W,2330.0,1723.8934814685624,True,True,False,False,False,False,False,False,256,False,True,0.4351344699132478,7074.497799,0.1449871034304874,HST,Mrk813,False
243.5552054835,26.071251042225,1573.0,2330.0,FOS,1612+2611,650.79377460483,2,4953,,,806.4850970055833,0.0,1.0,0.6963388862135268,0.1308076966203416,0.130988,161413.20+260416.2,0.1308,J16142+2604,1.0,0.780772746440693,5.352031004263071e-15,Sul,,,,,,0.1308076966203416,W,2330.0,1755.01354515477,True,True,False,False,False,False,False,False,256,False,True,0.6991753022211042,2488.792057,0.1070369051347953,HST,J16142+2604,True
334.71700000000004,-3.593722222222,1573.0,4822.0,FOS,PKS2216-03,4462.95749249448,12,"2578,5002,4052",,,2215.4250126858547,0.0,0.0,980.4570502460398,,,,0.901,J22188-0335,1.0,0.8196449267155784,1.2055995446225202e-15,Sul,,,,,,0.901,*,4822.0,2950.352,True,True,False,False,False,False,False,False,0,False,False,,,,HST,PKS2216-03,True
116.07279166669998,37.88802777778,2221.0,4822.0,FOS,3C186,2015.9850000000001,3,2578,,,450.4981795676992,0.0,1.0,0.3324872575787356,1.0683583600565545,1.068634,074417.47+375317.2,,,0.0,22244.41535950117,,,,,,,,1.0683583600565545,W,4822.0,3210.092174807772,True,False,False,False,False,False,False,False,0,False,False,,,,HST,3C186,False
141.7627083333,39.03913888889,1573.0,4822.0,FOS,B20923+39,8799.4875,8,"2578,4052",,,323.3561937088763,0.0,1.0,0.386102890076321,0.6950468576134012,0.6964582800865173,092703.01+390220.8,0.6953,J09270+3902,1.0,0.4229358870935297,1.90277140887336e-15,Sul,,,,,,0.6950468576134012,W,4822.0,2630.7127230159986,True,True,False,False,False,False,False,False,256,False,True,0.3873740722338974,5203.624743,0.0,HST,J09270+3902,False
199.9595833333,-1.967944444444,1573.0,2330.0,FOS,Q1317-0142,2794.87139606438,3,5456,,,1143.7412772335026,0.0,0.0,498.8453286148031,,,,0.225,LBQS1317-0142,1.0,0.8482780465386909,1.2981291853467e-15,Sul,,,,,,0.225,*,2330.0,1901.2,True,True,False,False,False,False,False,False,0,False,False,,,,HST,LBQS1317-0142,False
65.0022893305079,-54.93729061399369,1140.0,6871.999999999999,FOS,NGC1566-NUC,14728.974376,19,3136,,,172542.97499377263,0.0,0.0,172364.01287958684,,,,0.0051,NGC1566,1.0,2.1764852325234183,2.15438040391969e-15,Sul,,,,,,0.0051,*,6871.999999999999,1559.9152000000001,True,True,False,False,False,False,False,False,0,False,False,,,,HST,NGC1566-NUC,True
19.57704959171,2.96825591524725,1573.0,3301.0,FOS,0115+027,1955.9600219725999,4,4504,,,93.72923621952883,0.0,1.0,0.13439086167977907,0.6671563257126756,0.6671547293663025,011818.48+025805.7,,,0.0,13747.568860300318,,,,,,,,0.6671563257126756,W,3301.0,2587.4266175060725,True,False,False,False,False,False,False,False,256,False,True,0.1343025857111375,4361.582682,0.1474359738215251,HST,0115+027,False
61.39158333333,-13.13725,1573.0,4822.0,FOS,PKS0403-13,2779.9572,4,2578,,,22801.538965467713,0.0,0.0,22423.1857518545,,,,0.5705,J04055-1308,1.0,0.5264325918488862,1.16920530487701e-15,Sul,,,,,,0.5705,*,4822.0,2437.416,True,True,False,False,False,False,False,False,0,False,False,,,,HST,PKS0403-13,False
136.63275,16.770055555559995,1573.0,4822.0,FOS,3C215,8124.742219999999,7,2578,,,941.9769729766858,0.0,0.0,220.1513389442687,,,,0.4113,3C215,1.0,0.30000001605221943,6.33539202907991e-16,Sul,,,,,,0.4113,*,4822.0,2190.3376,True,True,False,False,False,False,False,False,0,False,False,,,,HST,3C215,False
168.66125,40.62225,1573.0,4822.0,FOS,3C254,4784.47,5,2578,,,622.1982986915109,0.0,1.0,0.3130949995560017,0.7348010249544691,0.736619,111438.71+403720.3,0.7367,3C254,1.0,0.24723954462554354,6.29974148256863e-16,Sul,,,,,,0.7348010249544691,W,4822.0,2692.4111907293363,True,True,False,False,False,False,False,False,256,False,True,0.3283439461968029,6075.194029,0.168498934496425,HST,3C254,True
176.82512499999999,-1.535472222222,1573.0,2330.0,FOS,Q1144-0115,3299.44314384435,3,5456,,,332.1669709609769,0.0,1.0,0.8570604187358443,0.3820187531289211,0.382574,114718.05-013206.9,0.3827,LBQS1144-0115,1.0,0.8298031845799364,2.97252682139711e-16,Sul,,,,,,0.3820187531289211,W,2330.0,2144.8931048560853,True,True,False,False,False,False,False,False,256,False,True,0.8570078341515049,4414.312087,0.9496703076711334,HST,LBQS1144-0115,False
200.3158333333,28.78877777778,1573.0,3301.0,FOS,TON156,4038.718945503735,3,6007,,,522.8449842818648,0.0,1.0,0.8225341730224623,0.5496371458213126,0.550399,132115.86+284719.4,,,0.0,4213.856589411188,,,,,,,,0.5496371458213126,W,3301.0,2405.036850314677,True,False,False,False,False,False,False,False,256,False,True,0.8472672211183215,2568.515009,0.7590600116527482,HST,TON156,True
11.24491666667,10.448,1573.0,3301.0,FOS,MC0042+101,3216.67627716118,4,5441,,,412.613154413842,0.0,0.0,104.34088527517682,,,,0.5857,J00449+1026,1.0,0.8594891720213127,1.68316962483025e-16,Sul,,,,,,0.5857,*,3301.0,2461.0064,True,True,False,False,False,False,False,False,0,False,False,,,,HST,MC0042+101,False
179.66630195305,62.907916567870004,2221.0,3301.0,FOS,1156+6311,690.7813,2,4952,,,173.92205000038055,0.0,1.0,0.596236978228512,0.5925190845721021,0.592614,115839.90+625427.9,0.5924,J11586+6254,1.0,0.626803668477948,3.0178920773084404e-15,Sul,,,,,,0.5925190845721021,W,3301.0,2471.589619255902,True,True,False,False,False,False,False,False,256,False,True,0.6514247879506896,10701.947302,0.0879804745170399,HST,J11586+6254,False
149.409,55.38269444444,1573.0,3301.0,FOS,4C55-17,5549.7505,4,4052,,,402.2104928190127,0.0,1.0,0.20570687995447987,0.8994548748714215,0.902,095738.18+552257.7,,,0.0,12743.827095315388,,,,,,,,0.8994548748714215,W,3301.0,2947.953965800446,True,False,False,False,False,False,False,False,256,False,True,0.2110205024248814,4396.023137,0.0,HST,4C55-17,False
246.16281666670002,23.75338611111,1573.0,3301.0,FOS,3C336.0,7810.415161133,6,5304,,,571.8730061650431,0.0,1.0,0.1362534234665236,0.9266396761050272,0.926542,162439.08+234512.1,0.927,3C336,1.0,0.12010673650665991,3.91714599371839e-16,Sul,,,,,,0.9266396761050272,W,3301.0,2990.1447773150026,True,True,False,False,False,False,False,False,0,False,False,,,,HST,3C336.0,False
198.6104166667,2.020638888889,1573.0,2330.0,FOS,Q1311+0217,1388.703788757824,2,5456,,,586.8183931332793,0.0,1.0,1.3651016300803518,0.3072050494185137,0.307285,131426.49+020115.6,,,0.0,8490.930080274793,,,,,,,,0.3072050494185137,W,2330.0,2028.7822366975333,True,False,False,False,False,False,False,False,384,True,True,1.4071969884503888,1336.288296,1.4306402492797932,HST,Q1311+0217,False
5.10441883107325,2.44035303781875,1500.0,8950.0,FOS,Q0017+0209,1956.07532882676,4,"5456,5588",,,673.5206778648413,0.0,1.0,0.3298563588649901,0.4021788710946813,0.4013507962226867,002025.06+022625.5,0.401,LBQS0017+0209,1.0,0.2579045007086222,1.2485556811412602e-15,Sul,,,,,,0.4021788710946813,W,7000.0,2176.1816079389455,True,True,False,False,False,False,False,False,256,False,True,0.3198300401941226,1947.453425,1.4776127174653009,HST,LBQS0017+0209,False
118.9043791667,25.71071944444,1573.0,2330.0,FOS,OI-287,3688.13062,3,4051,,,180.98201356132805,0.0,1.0,0.5064472256086138,0.444415694712746,0.444706,075537.02+254238.9,,,0.0,18185.604694948666,,,,,,,,0.444415694712746,W,2330.0,2241.7331581941817,True,False,False,False,False,False,False,False,256,False,True,0.4507915568795865,5711.858912,0.1498728769656249,HST,OI-287,False
211.044217537,9.6294047034075,1573.0,2330.0,FOS,1401+0951,650.79377460483,2,4953,,,649.7444307741113,0.0,1.0,0.696402492498688,0.4377786544007207,0.4378,140410.58+093745.2,,,0.0,27501.81797222832,,,,,,,,0.4377786544007207,W,2330.0,2231.4324716299184,True,False,False,False,False,False,False,False,256,False,True,0.6751682632159886,8455.451875,0.0,HST,1401+0951,True
130.1981666667,13.20658333333,1573.0,4822.0,FOS,3C207,5311.97,6,2578,,,223.92745237691287,0.0,1.0,0.4482032785663138,0.6797683519885304,0.680181,084047.58+131223.5,0.6804,3C207,1.0,0.4364627665240116,4.76653335593803e-16,Sul,,,,,,0.6797683519885304,W,4822.0,2607.0004822861993,True,True,False,False,False,False,False,False,256,False,True,0.4755188026984466,3716.018721,0.2956094829506306,HST,3C207,False
73.12516666667,-29.89313888889,1573.0,2330.0,FOS,IR0450-2958,1624.325024604735,2,6799,,,83882.23982209092,0.0,0.0,82935.21096239753,,,,0.2855,IRAS04505-2958,1.0,0.5400065054618073,6.09925496958592e-15,Sul,,,,,,0.2855,*,2330.0,1995.0959999999998,True,True,False,False,False,False,False,False,0,False,False,,,,HST,IR0450-2958,False
5.158375,28.708555555560004,2221.0,3301.0,FOS,QSO0020+287,8891.0466537477,5,6548,,,303.47876955574475,0.0,1.0,1.196117249550716,0.5144468180121746,0.5147067904472351,002037.93+284231.3,,,0.0,24495.565034869156,,,,,,,,0.5144468180121746,W,3301.0,2350.421461554895,True,False,False,False,False,False,False,False,0,False,False,,,,HST,QSO0020+287,False
151.1905833333,22.42197222222,2221.0,3301.0,FOS,PKS1001+22,939.36655998231,2,5441,,,549.3444126824696,0.0,1.0,0.17761201292275564,0.9804830875588424,0.9806102514266968,100445.74+222519.2,,,0.0,18228.855437254617,,,,,,,,0.9804830875588424,W,3301.0,3073.7097518913233,True,False,False,False,False,False,False,False,0,False,False,,,,HST,PKS1001+22,False
1.448125,2.050611111111,1573.0,2330.0,FOS,Q0003+0146,1385.867538929486,2,5456,,,443.6248587845682,0.0,1.0,0.1056197570451956,0.233371515304252,0.2338018864393234,000547.54+020302.2,0.234,LBQS0003+0146,1.0,0.2254380889496145,2.9124967966125304e-15,Sul,,,,,,0.233371515304252,W,2330.0,1914.192591752199,True,True,False,False,False,False,False,False,256,False,True,0.1041881552722698,2432.147887,0.0155077121431889,HST,LBQS0003+0146,False
207.2012919243,26.37216412368,2221.0,3301.0,FOS,QSO1348+263,6471.06748199488,4,6548,,,166.42238317092415,0.0,1.0,1.0763632971451742,0.5959381387080663,0.59539,134848.24+262219.2,,,0.0,13397.919011091903,,,,,,,,0.5959381387080663,W,3301.0,2476.8959912749187,True,False,False,False,False,False,False,False,256,False,True,1.008002824368692,2918.141951,1.5075823419389385,HST,QSO1348+263,False
137.3897083333,42.89638888889,1573.0,3301.0,FOS,3C216-0,5064.65445,5,3858,,,500.0050817294854,0.0,1.0,0.6214718609885295,0.6699145822454888,0.669915,090933.49+425346.5,,,0.0,10973.705693646081,,,,,,,,0.6699145822454888,W,3301.0,2591.7074316449985,True,False,False,False,False,False,False,False,256,False,True,0.6348530219343378,1051.752366,1.6647283756501028,HST,3C216-0,False
196.9748333333,6.703944444444001,1573.0,3301.0,FOS,3C281,2057.780944824,3,5441,,,272.35464839713205,0.0,1.0,0.5657695677577561,0.6017533501626714,0.601,130753.92+064213.9,0.599,3C281,1.0,0.4425190430715939,1.0271401772801602e-15,Sul,,,,,,0.6017533501626714,W,3301.0,2485.9211994524658,True,True,False,False,False,False,False,False,256,False,True,0.5713886859907753,7172.765725,0.1860483618822163,HST,3C281,False
18.35087589651,29.97106288703,1573.0,3301.0,FOS,B20110+29,1378.349894,3,3858,,,1112.7759651861854,0.0,1.0,0.41752382661006954,0.3625039458420198,0.362693190574646,011324.23+295816.0,,,0.0,12391.48983492383,,,,,,,,0.3625039458420198,W,3301.0,2114.606123946815,True,False,False,False,False,False,False,False,0,False,False,,,,HST,B20110+29,False
68.2959390644705,5.354356037418034,1150.58,3349.49,LWP/LWR/SWP,3C 120,610942.646,61,"GQJBO,QSCJO,UK311,QSDMG,QSEJO,FE176,QSFJO,QSGJO,GQ225,HQ226,HQ111,AGIBP,IQ144,IA071,JQ100,AGJBP,AGPRM",,,,,,,,,,,,,,,,,0.03301,,,,0.03301,B,3349.49,1603.23152,True,False,False,False,False,True,False,False,16,False,False,,,,IUE,3C 120,True
146.93789775546668,7.4222543148,1150.58,3348.67,LWR/SWP,3C 227,17578.701,3,"UK016,UK376,RGFRR",,,,,,,0.0861549153104382,0.086272,,,,,,,,,,,,,0.0861549153104382,W,3348.67,1685.7124285618002,True,False,False,False,False,False,False,False,0,False,False,,,,IUE,3C 227,True
88.72366597201,46.43957768457,1150.58,3349.49,LWP/LWR/SWP,MCG8-11-11,181733.718,20,"QSBAB,QSBMG,QSCMG,GQ220,HQ111,FE174,GQ225,GQ226,HQ226,JC196",,,,,,,,,,,,,,,,,0.02048,,,,0.02048,B,3349.49,1583.7849600000002,True,False,False,False,False,True,False,False,16,False,False,,,,IUE,MCG8-11-11,True
207.33005761362855,-30.309391411485713,1150.58,3349.44,LWR/SWP,IC 4329A,127397.548,7,"PHCAL,UK465,QSCWS",,,,,,,,,,,,,,,,,0.01605,,,,0.01605,B,3349.44,1576.9096,True,False,False,False,False,True,False,False,16,False,False,,,,IUE,IC 4329A,True
103.05138578325,74.4265143944,1150.58,3348.67,LWR/SWP,MKN 6,63898.72499999999,4,"QSCJO,UK364",,,,,,,,,,,,,,,,,0.01881,,,,0.01881,B,3348.67,1581.19312,True,False,False,False,False,True,False,False,16,False,False,,,,IUE,MKN 6,True
203.97404580962,-34.295768866719996,1150.58,3349.44,LWP/LWR/SWP,MCG-6-30-15,60478.853,5,"UK413,RQ059",,,,,,,,,,,,,,,,,0.00749,,,,0.00749,B,3349.44,1563.62448,True,False,False,False,False,True,False,False,16,False,False,,,,IUE,MCG-6-30-15,True
127.9535813462,4.4942383504,1150.58,3348.67,LWR/SWP,OJ 49,45298.376,4,"BLDAG,BLEAG,BLFAG",,,,,,,0.1738157570161508,0.174724,,,,,,,,,,,,,0.1738157570161508,W,3348.67,1821.762054889066,True,False,False,False,False,False,False,False,0,False,False,,,,IUE,OJ 49,True
185.04950511043333,2.061543319266667,1150.58,3347.6,LWP/SWP,Q 1217+023,78659.068,3,"OD58B,UK427,XQJME",,,,,,,0.2401944177935127,0.240373,,,,,,,,,,,,,0.2401944177935127,W,3347.6,1924.7817364155317,True,False,False,False,False,False,False,False,0,False,False,,,,IUE,Q 1217+023,True
215.37425613308,47.790602117000006,1150.58,3347.6799999999994,LWP/SWP,QSO1419+48,55797.95,5,"EE225,EE266,IRMBW",,,,,,,0.0726340994398477,0.073,,,,,,,,,,,,,0.0726340994398477,W,3347.6799999999994,1664.7281223306438,True,False,False,False,False,False,False,False,0,False,False,,,,IUE,QSO1419+48,True
197.61932596154,32.34538680636,1150.58,3349.44,LWP/LWR/SWP,PKS 1308+326,47698.113,5,"QSFMS,OD27K,OD57K,IGCAW",,,,,,,0.9946325918685064,0.998007,,,,,,,,,,,,,0.9946325918685064,W,3349.44,3095.669782579922,True,False,False,False,False,False,False,False,0,False,False,,,,IUE,PKS 1308+326,True
139.60825187381997,16.30527460882,1150.58,3348.67,LWP/LWR/SWP,MKN 704,55797.947,5,"QSFRC,AGHAB",,,,,,,,,,,,,,,,,0.02863,,,,0.02863,B,3348.67,1596.43376,True,False,False,True,False,True,False,False,20,False,False,,,,IUE,MKN 704,True
137.54141273871664,48.22820750986667,1150.58,3347.630000000001,LWP/SWP,Q 0906+484,101698.135,6,"QSFRM,LZJDT,PHCAL,QSKDT",,,,,,,0.1173292692546053,0.1164524480700492,,,,,,,,,,,,,0.1173292692546053,W,3347.630000000001,1734.0950258831474,True,False,False,False,False,False,False,False,0,False,False,,,,IUE,Q 0906+484,True
231.98973750785,22.551107614400003,1150.58,3349.44,LWR/SWP,Q 1525+227,47399.473,2,"QSFRM,QSEMS",,,,,,,0.2538691339017416,0.254008,,,,,,,,,,,,,0.2538691339017416,W,3349.44,1946.004895815503,True,False,False,False,False,False,False,False,0,False,False,,,,IUE,Q 1525+227,True
104.90888873645,54.196556285949995,1150.58,3347.6,LWP/SWP,MKN 374,63718.662,4,AGIAB,,,,,,,,,,,,,,,,,0.04263,,,,0.04263,B,3347.6,1618.16176,True,False,False,False,False,True,False,False,16,False,False,,,,IUE,MKN 374,True
193.0512914211,-13.4143680065,1150.58,3347.6,LWP/SWP,IR1249-13,23399.376,2,IQ194,,,,,,,,,,,,,,,,,0.01463,,,,0.01463,B,3347.6,1574.7057599999998,True,False,False,False,False,True,False,False,16,False,False,,,,IUE,IR1249-13,True
178.45468416525,11.47504302825,1150.58,3347.6,LWP/SWP,PG 1151+117,20399.055,2,EGIMM,,,,,,,0.1760325361726306,0.176068,,,,,,,,,,,,,0.1760325361726306,W,3347.6,1825.2024961399225,True,False,False,False,False,False,False,False,0,False,False,,,,IUE,PG 1151+117,True
249.4436884078,11.8303127742,1150.59,1978.7,SWP,1635+119,4499.736,1,XQJME,,,,,,,0.1474295278342705,0.1476,,,,,,,,,,,,,0.1474295278342705,W,1978.7,1780.810627198788,True,False,False,False,False,False,False,False,0,False,False,,,,IUE,1635+119,True
205.53530788469993,35.6538115097,1150.58,3347.6,LWP/SWP,NGC 5273,15899.061000000002,3,QSKRE,,,,,,,,,,,,,,,,,0.003619,,,,0.003619,B,3347.6,1557.616688,True,False,False,False,False,True,False,False,16,False,False,,,,IUE,NGC 5273,True
216.55586425169997,19.9233266985,1150.58,1978.7200000000005,SWP,E1423+201,14399.768,1,NQ142,,,,,,,0.213546609218755,0.2133,,,,,,,,,,,,,0.213546609218755,W,1978.7200000000005,1883.4243375075075,True,False,False,False,False,False,False,False,0,False,False,,,,IUE,E1423+201,True
183.5748044022,29.5289455635,1150.58,1978.7200000000005,SWP,WAS 49,14999.292,1,SYOJH,,,,,,,0.0633335008142433,0.064,,,,,,,,,,,,,0.0633335008142433,W,1978.7200000000005,1650.2935932637056,True,False,False,False,False,False,False,False,0,False,False,,,,IUE,WAS 49,True
245.04707769085,17.40716317245,1150.58,3347.6799999999994,LWP/SWP,PG 1617+175,48599.195,2,XROBW,,,,,,,,,,,,,,,,0.114,0.11244,,,,0.114,K,3347.6799999999994,1728.928,True,False,True,False,False,True,False,False,18,False,False,,,,IUE,PG 1617+175,True
144.2543769357,1.0955590615,1150.58,1978.7200000000005,SWP,PG 0934+0119,7019.595,1,RQ005,,,,,,,,,,,,,,,,,0.05034,,,,0.05034,B,1978.7200000000005,1630.12768,True,False,False,False,False,True,False,False,16,False,False,,,,IUE,PG 0934+0119,True
198.27388846509996,-11.12876071,1150.58,1978.7200000000005,SWP,PG1310-1051,7199.819,1,RQ005,,,,,,,,,,,,,,,,,0.0343,,,,0.0343,B,1978.7200000000005,1605.2336,True,False,False,True,False,False,False,False,4,False,False,,,,IUE,PG1310-1051,True
129.24553910539998,44.4337796531,1150.58,1978.7200000000005,SWP,US 1329,23999.563,1,SQ098,,,,,,,0.2542151819471687,0.25456,,,,,,,,,,,,,0.2542151819471687,W,1978.7200000000005,1946.541962382006,True,False,False,False,False,False,False,False,0,False,False,,,,IUE,US 1329,True
165.1995173314,10.7698430354,1851.18,3347.6,LWP,4C 10.30,16019.742,1,GQJRG,,,,,,,0.4226258184761906,0.42297,,,,,,,,,,,,,0.4226258184761906,W,3347.6,2207.915270275048,True,False,False,False,False,False,False,False,0,False,False,,,,IUE,4C 10.30,True
247.2611694676,37.4102932249,1851.19,3347.6799999999994,LWP,QSO 1629+372,15599.493,1,PQ078,,,,,,,0.925391125517162,0.926186740398407,,,,,,,,,,,,,0.925391125517162,W,3347.6799999999994,2988.207026802635,True,False,False,False,False,False,False,False,0,False,False,,,,IUE,QSO 1629+372,True
